domain,eval,seed,feature,bucket,n,pair,acc_b0,acc_other,delta
chapman,ft10,0,mean_rr_ms,q1,512,b0-c2,0.87890625,0.892578125,0.013671875
chapman,ft10,0,mean_rr_ms,q1,512,b0-c1,0.87890625,0.888671875,0.009765625
chapman,ft10,0,mean_rr_ms,q2,512,b0-c2,0.935546875,0.939453125,0.00390625
chapman,ft10,0,mean_rr_ms,q2,512,b0-c1,0.935546875,0.935546875,0.0
chapman,ft10,0,mean_rr_ms,q3,511,b0-c2,0.9549902152641878,0.9686888454011742,0.013698630136986356
chapman,ft10,0,mean_rr_ms,q3,511,b0-c1,0.9549902152641878,0.9667318982387475,0.011741682974559686
chapman,ft10,0,mean_rr_ms,q4,512,b0-c2,0.931640625,0.939453125,0.0078125
chapman,ft10,0,mean_rr_ms,q4,512,b0-c1,0.931640625,0.93359375,0.001953125
chapman,ft10,0,sdnn_ms,q1,512,b0-c2,0.873046875,0.880859375,0.0078125
chapman,ft10,0,sdnn_ms,q1,512,b0-c1,0.873046875,0.880859375,0.0078125
chapman,ft10,0,sdnn_ms,q2,512,b0-c2,0.921875,0.935546875,0.013671875
chapman,ft10,0,sdnn_ms,q2,512,b0-c1,0.921875,0.9296875,0.0078125
chapman,ft10,0,sdnn_ms,q3,511,b0-c2,0.9373776908023483,0.9510763209393346,0.013698630136986245
chapman,ft10,0,sdnn_ms,q3,511,b0-c1,0.9373776908023483,0.9432485322896281,0.005870841487279788
chapman,ft10,0,sdnn_ms,q4,512,b0-c2,0.96875,0.97265625,0.00390625
chapman,ft10,0,sdnn_ms,q4,512,b0-c1,0.96875,0.970703125,0.001953125
chapman,ft10,2,mean_rr_ms,q1,512,b0-c2,0.900390625,0.87109375,-0.029296875
chapman,ft10,2,mean_rr_ms,q1,512,b0-c1,0.900390625,0.880859375,-0.01953125
chapman,ft10,2,mean_rr_ms,q2,512,b0-c2,0.935546875,0.947265625,0.01171875
chapman,ft10,2,mean_rr_ms,q2,512,b0-c1,0.935546875,0.94140625,0.005859375
chapman,ft10,2,mean_rr_ms,q3,511,b0-c2,0.9549902152641878,0.9706457925636007,0.015655577299412915
chapman,ft10,2,mean_rr_ms,q3,511,b0-c1,0.9549902152641878,0.9549902152641878,0.0
chapman,ft10,2,mean_rr_ms,q4,512,b0-c2,0.94140625,0.94140625,0.0
chapman,ft10,2,mean_rr_ms,q4,512,b0-c1,0.94140625,0.9375,-0.00390625
chapman,ft10,2,sdnn_ms,q1,512,b0-c2,0.87890625,0.890625,0.01171875
chapman,ft10,2,sdnn_ms,q1,512,b0-c1,0.87890625,0.8828125,0.00390625
chapman,ft10,2,sdnn_ms,q2,512,b0-c2,0.943359375,0.9296875,-0.013671875
chapman,ft10,2,sdnn_ms,q2,512,b0-c1,0.943359375,0.93359375,-0.009765625
chapman,ft10,2,sdnn_ms,q3,511,b0-c2,0.9334637964774951,0.9373776908023483,0.003913894324853229
chapman,ft10,2,sdnn_ms,q3,511,b0-c1,0.9334637964774951,0.9315068493150684,-0.00195694716242667
chapman,ft10,2,sdnn_ms,q4,512,b0-c2,0.9765625,0.97265625,-0.00390625
chapman,ft10,2,sdnn_ms,q4,512,b0-c1,0.9765625,0.966796875,-0.009765625
chapman,ft10,4,mean_rr_ms,q1,512,b0-c2,0.890625,0.8984375,0.0078125
chapman,ft10,4,mean_rr_ms,q1,512,b0-c1,0.890625,0.8828125,-0.0078125
chapman,ft10,4,mean_rr_ms,q2,512,b0-c2,0.94140625,0.94921875,0.0078125
chapman,ft10,4,mean_rr_ms,q2,512,b0-c1,0.94140625,0.953125,0.01171875
chapman,ft10,4,mean_rr_ms,q3,511,b0-c2,0.9608610567514677,0.9706457925636007,0.009784735812133016
chapman,ft10,4,mean_rr_ms,q3,511,b0-c1,0.9608610567514677,0.9667318982387475,0.005870841487279788
chapman,ft10,4,mean_rr_ms,q4,512,b0-c2,0.93359375,0.943359375,0.009765625
chapman,ft10,4,mean_rr_ms,q4,512,b0-c1,0.93359375,0.9375,0.00390625
chapman,ft10,4,sdnn_ms,q1,512,b0-c2,0.884765625,0.88671875,0.001953125
chapman,ft10,4,sdnn_ms,q1,512,b0-c1,0.884765625,0.884765625,0.0
chapman,ft10,4,sdnn_ms,q2,512,b0-c2,0.927734375,0.94140625,0.013671875
chapman,ft10,4,sdnn_ms,q2,512,b0-c1,0.927734375,0.931640625,0.00390625
chapman,ft10,4,sdnn_ms,q3,511,b0-c2,0.9412915851272016,0.9569471624266145,0.015655577299412915
chapman,ft10,4,sdnn_ms,q3,511,b0-c1,0.9412915851272016,0.9471624266144814,0.005870841487279788
chapman,ft10,4,sdnn_ms,q4,512,b0-c2,0.97265625,0.9765625,0.00390625
chapman,ft10,4,sdnn_ms,q4,512,b0-c1,0.97265625,0.9765625,0.00390625
cpsc,ft10,0,mean_rr_ms,q1,347,b0-c2,0.7723342939481268,0.7521613832853026,-0.02017291066282423
cpsc,ft10,0,mean_rr_ms,q1,347,b0-c1,0.7723342939481268,0.7579250720461095,-0.014409221902017322
cpsc,ft10,0,mean_rr_ms,q2,346,b0-c2,0.6907514450867052,0.6994219653179191,0.008670520231213952
cpsc,ft10,0,mean_rr_ms,q2,346,b0-c1,0.6907514450867052,0.6965317919075145,0.005780346820809301
cpsc,ft10,0,mean_rr_ms,q3,346,b0-c2,0.7225433526011561,0.7167630057803468,-0.005780346820809301
cpsc,ft10,0,mean_rr_ms,q3,346,b0-c1,0.7225433526011561,0.7109826589595376,-0.011560693641618491
cpsc,ft10,0,mean_rr_ms,q4,346,b0-c2,0.6994219653179191,0.7052023121387283,0.00578034682080919
cpsc,ft10,0,mean_rr_ms,q4,346,b0-c1,0.6994219653179191,0.6907514450867052,-0.008670520231213952
cpsc,ft10,0,sdnn_ms,q1,347,b0-c2,0.7435158501440923,0.7175792507204611,-0.025936599423631135
cpsc,ft10,0,sdnn_ms,q1,347,b0-c1,0.7435158501440923,0.7406340057636888,-0.0028818443804035088
cpsc,ft10,0,sdnn_ms,q2,346,b0-c2,0.7109826589595376,0.7196531791907514,0.00867052023121384
cpsc,ft10,0,sdnn_ms,q2,346,b0-c1,0.7109826589595376,0.7023121387283237,-0.008670520231213952
cpsc,ft10,0,sdnn_ms,q3,346,b0-c2,0.7398843930635838,0.7427745664739884,0.0028901734104046506
cpsc,ft10,0,sdnn_ms,q3,346,b0-c1,0.7398843930635838,0.7341040462427746,-0.00578034682080919
cpsc,ft10,0,sdnn_ms,q4,346,b0-c2,0.6907514450867052,0.6936416184971098,0.0028901734104046506
cpsc,ft10,0,sdnn_ms,q4,346,b0-c1,0.6907514450867052,0.6791907514450867,-0.011560693641618491
cpsc,ft10,2,mean_rr_ms,q1,347,b0-c2,0.7723342939481268,0.7636887608069164,-0.008645533141210415
cpsc,ft10,2,mean_rr_ms,q1,347,b0-c1,0.7723342939481268,0.7780979827089337,0.0057636887608069065
cpsc,ft10,2,mean_rr_ms,q2,346,b0-c2,0.6965317919075145,0.7138728323699421,0.01734104046242768
cpsc,ft10,2,mean_rr_ms,q2,346,b0-c1,0.6965317919075145,0.6907514450867052,-0.005780346820809301
cpsc,ft10,2,mean_rr_ms,q3,346,b0-c2,0.7052023121387283,0.7167630057803468,0.011560693641618491
cpsc,ft10,2,mean_rr_ms,q3,346,b0-c1,0.7052023121387283,0.7138728323699421,0.00867052023121384
cpsc,ft10,2,mean_rr_ms,q4,346,b0-c2,0.6936416184971098,0.6994219653179191,0.005780346820809301
cpsc,ft10,2,mean_rr_ms,q4,346,b0-c1,0.6936416184971098,0.6878612716763006,-0.00578034682080919
cpsc,ft10,2,sdnn_ms,q1,347,b0-c2,0.7521613832853026,0.7521613832853026,0.0
cpsc,ft10,2,sdnn_ms,q1,347,b0-c1,0.7521613832853026,0.7492795389048992,-0.0028818443804033977
cpsc,ft10,2,sdnn_ms,q2,346,b0-c2,0.6965317919075145,0.7138728323699421,0.01734104046242768
cpsc,ft10,2,sdnn_ms,q2,346,b0-c1,0.6965317919075145,0.7109826589595376,0.014450867052023142
cpsc,ft10,2,sdnn_ms,q3,346,b0-c2,0.7312138728323699,0.7398843930635838,0.00867052023121384
cpsc,ft10,2,sdnn_ms,q3,346,b0-c1,0.7312138728323699,0.7138728323699421,-0.017341040462427793
cpsc,ft10,2,sdnn_ms,q4,346,b0-c2,0.6878612716763006,0.6878612716763006,0.0
cpsc,ft10,2,sdnn_ms,q4,346,b0-c1,0.6878612716763006,0.6965317919075145,0.00867052023121384
cpsc,ft10,4,mean_rr_ms,q1,347,b0-c2,0.7492795389048992,0.7723342939481268,0.023054755043227626
cpsc,ft10,4,mean_rr_ms,q1,347,b0-c1,0.7492795389048992,0.760806916426513,0.011527377521613813
cpsc,ft10,4,mean_rr_ms,q2,346,b0-c2,0.6878612716763006,0.7138728323699421,0.026011560693641522
cpsc,ft10,4,mean_rr_ms,q2,346,b0-c1,0.6878612716763006,0.6734104046242775,-0.014450867052023142
cpsc,ft10,4,mean_rr_ms,q3,346,b0-c2,0.708092485549133,0.7196531791907514,0.011560693641618491
cpsc,ft10,4,mean_rr_ms,q3,346,b0-c1,0.708092485549133,0.708092485549133,0.0
cpsc,ft10,4,mean_rr_ms,q4,346,b0-c2,0.7138728323699421,0.6994219653179191,-0.014450867052023031
cpsc,ft10,4,mean_rr_ms,q4,346,b0-c1,0.7138728323699421,0.6820809248554913,-0.03179190751445082
cpsc,ft10,4,sdnn_ms,q1,347,b0-c2,0.7348703170028819,0.7406340057636888,0.0057636887608069065
cpsc,ft10,4,sdnn_ms,q1,347,b0-c1,0.7348703170028819,0.723342939481268,-0.011527377521613813
cpsc,ft10,4,sdnn_ms,q2,346,b0-c2,0.7167630057803468,0.7283236994219653,0.011560693641618491
cpsc,ft10,4,sdnn_ms,q2,346,b0-c1,0.7167630057803468,0.6994219653179191,-0.01734104046242768
cpsc,ft10,4,sdnn_ms,q3,346,b0-c2,0.7369942196531792,0.7456647398843931,0.00867052023121384
cpsc,ft10,4,sdnn_ms,q3,346,b0-c1,0.7369942196531792,0.7225433526011561,-0.014450867052023142
cpsc,ft10,4,sdnn_ms,q4,346,b0-c2,0.6705202312138728,0.6907514450867052,0.020231213872832332
cpsc,ft10,4,sdnn_ms,q4,346,b0-c1,0.6705202312138728,0.6791907514450867,0.00867052023121384
ptbxl,ft20,0,mean_rr_ms,q1,435,b0-c2,0.7425287356321839,0.7333333333333333,-0.00919540229885063
ptbxl,ft20,0,mean_rr_ms,q1,435,b0-c1,0.7425287356321839,0.7218390804597701,-0.020689655172413834
ptbxl,ft20,0,mean_rr_ms,q2,435,b0-c2,0.7586206896551724,0.7816091954022989,0.02298850574712652
ptbxl,ft20,0,mean_rr_ms,q2,435,b0-c1,0.7586206896551724,0.7793103448275862,0.020689655172413834
ptbxl,ft20,0,mean_rr_ms,q3,435,b0-c2,0.7885057471264367,0.7908045977011494,0.0022988505747126853
ptbxl,ft20,0,mean_rr_ms,q3,435,b0-c1,0.7885057471264367,0.7816091954022989,-0.006896551724137834
ptbxl,ft20,0,mean_rr_ms,q4,434,b0-c2,0.7672811059907834,0.783410138248848,0.016129032258064613
ptbxl,ft20,0,mean_rr_ms,q4,434,b0-c1,0.7672811059907834,0.7626728110599078,-0.004608294930875556
ptbxl,ft20,0,sdnn_ms,q1,435,b0-c2,0.728735632183908,0.7448275862068966,0.016091954022988575
ptbxl,ft20,0,sdnn_ms,q1,435,b0-c1,0.728735632183908,0.7333333333333333,0.0045977011494252595
ptbxl,ft20,0,sdnn_ms,q2,435,b0-c2,0.7724137931034483,0.7816091954022989,0.00919540229885063
ptbxl,ft20,0,sdnn_ms,q2,435,b0-c1,0.7724137931034483,0.7655172413793103,-0.006896551724137945
ptbxl,ft20,0,sdnn_ms,q3,434,b0-c2,0.7672811059907834,0.7649769585253456,-0.0023041474654377225
ptbxl,ft20,0,sdnn_ms,q3,434,b0-c1,0.7672811059907834,0.7580645161290323,-0.009216589861751112
ptbxl,ft20,0,sdnn_ms,q4,435,b0-c2,0.7885057471264367,0.7977011494252874,0.00919540229885063
ptbxl,ft20,0,sdnn_ms,q4,435,b0-c1,0.7885057471264367,0.7885057471264367,0.0
ptbxl,ft20,2,mean_rr_ms,q1,435,b0-c2,0.7471264367816092,0.7195402298850575,-0.027586206896551668
ptbxl,ft20,2,mean_rr_ms,q1,435,b0-c1,0.7471264367816092,0.7517241379310344,0.0045977011494252595
ptbxl,ft20,2,mean_rr_ms,q2,435,b0-c2,0.7724137931034483,0.7655172413793103,-0.006896551724137945
ptbxl,ft20,2,mean_rr_ms,q2,435,b0-c1,0.7724137931034483,0.7839080459770115,0.011494252873563204
ptbxl,ft20,2,mean_rr_ms,q3,435,b0-c2,0.7908045977011494,0.7839080459770115,-0.006896551724137945
ptbxl,ft20,2,mean_rr_ms,q3,435,b0-c1,0.7908045977011494,0.7885057471264367,-0.0022988505747126853
ptbxl,ft20,2,mean_rr_ms,q4,434,b0-c2,0.7880184331797235,0.771889400921659,-0.016129032258064502
ptbxl,ft20,2,mean_rr_ms,q4,434,b0-c1,0.7880184331797235,0.7649769585253456,-0.02304147465437789
ptbxl,ft20,2,sdnn_ms,q1,435,b0-c2,0.7425287356321839,0.7218390804597701,-0.020689655172413834
ptbxl,ft20,2,sdnn_ms,q1,435,b0-c1,0.7425287356321839,0.7655172413793103,0.02298850574712641
ptbxl,ft20,2,sdnn_ms,q2,435,b0-c2,0.7793103448275862,0.7816091954022989,0.0022988505747126853
ptbxl,ft20,2,sdnn_ms,q2,435,b0-c1,0.7793103448275862,0.7724137931034483,-0.006896551724137945
ptbxl,ft20,2,sdnn_ms,q3,434,b0-c2,0.7788018433179723,0.7442396313364056,-0.034562211981566726
ptbxl,ft20,2,sdnn_ms,q3,434,b0-c1,0.7788018433179723,0.7603686635944701,-0.018433179723502224
ptbxl,ft20,2,sdnn_ms,q4,435,b0-c2,0.7977011494252874,0.7931034482758621,-0.0045977011494252595
ptbxl,ft20,2,sdnn_ms,q4,435,b0-c1,0.7977011494252874,0.7908045977011494,-0.006896551724137945
ptbxl,ft20,4,mean_rr_ms,q1,435,b0-c2,0.7402298850574712,0.7103448275862069,-0.029885057471264354
ptbxl,ft20,4,mean_rr_ms,q1,435,b0-c1,0.7402298850574712,0.7264367816091954,-0.013793103448275779
ptbxl,ft20,4,mean_rr_ms,q2,435,b0-c2,0.7655172413793103,0.7609195402298851,-0.0045977011494252595
ptbxl,ft20,4,mean_rr_ms,q2,435,b0-c1,0.7655172413793103,0.7609195402298851,-0.0045977011494252595
ptbxl,ft20,4,mean_rr_ms,q3,435,b0-c2,0.7816091954022989,0.7908045977011494,0.009195402298850519
ptbxl,ft20,4,mean_rr_ms,q3,435,b0-c1,0.7816091954022989,0.7839080459770115,0.0022988505747125743
ptbxl,ft20,4,mean_rr_ms,q4,434,b0-c2,0.7672811059907834,0.7672811059907834,0.0
ptbxl,ft20,4,mean_rr_ms,q4,434,b0-c1,0.7672811059907834,0.7741935483870968,0.00691244239631339
ptbxl,ft20,4,sdnn_ms,q1,435,b0-c2,0.7471264367816092,0.7195402298850575,-0.027586206896551668
ptbxl,ft20,4,sdnn_ms,q1,435,b0-c1,0.7471264367816092,0.7402298850574712,-0.006896551724137945
ptbxl,ft20,4,sdnn_ms,q2,435,b0-c2,0.774712643678161,0.7724137931034483,-0.0022988505747126853
ptbxl,ft20,4,sdnn_ms,q2,435,b0-c1,0.774712643678161,0.7655172413793103,-0.00919540229885063
ptbxl,ft20,4,sdnn_ms,q3,434,b0-c2,0.7488479262672811,0.7488479262672811,0.0
ptbxl,ft20,4,sdnn_ms,q3,434,b0-c1,0.7488479262672811,0.7534562211981567,0.004608294930875556
ptbxl,ft20,4,sdnn_ms,q4,435,b0-c2,0.7839080459770115,0.7885057471264367,0.0045977011494252595
ptbxl,ft20,4,sdnn_ms,q4,435,b0-c1,0.7839080459770115,0.7862068965517242,0.0022988505747126853
ptbxl,ft40,0,mean_rr_ms,q1,435,b0-c2,0.7517241379310344,0.7471264367816092,-0.0045977011494252595
ptbxl,ft40,0,mean_rr_ms,q1,435,b0-c1,0.7517241379310344,0.7425287356321839,-0.009195402298850519
ptbxl,ft40,0,mean_rr_ms,q2,435,b0-c2,0.7816091954022989,0.7816091954022989,0.0
ptbxl,ft40,0,mean_rr_ms,q2,435,b0-c1,0.7816091954022989,0.7793103448275862,-0.0022988505747126853
ptbxl,ft40,0,mean_rr_ms,q3,435,b0-c2,0.7977011494252874,0.7977011494252874,0.0
ptbxl,ft40,0,mean_rr_ms,q3,435,b0-c1,0.7977011494252874,0.7862068965517242,-0.011494252873563204
ptbxl,ft40,0,mean_rr_ms,q4,434,b0-c2,0.7995391705069125,0.7811059907834101,-0.018433179723502335
ptbxl,ft40,0,mean_rr_ms,q4,434,b0-c1,0.7995391705069125,0.7903225806451613,-0.009216589861751223
ptbxl,ft40,0,sdnn_ms,q1,435,b0-c2,0.7609195402298851,0.7471264367816092,-0.01379310344827589
ptbxl,ft40,0,sdnn_ms,q1,435,b0-c1,0.7609195402298851,0.7540229885057471,-0.006896551724137945
ptbxl,ft40,0,sdnn_ms,q2,435,b0-c2,0.7908045977011494,0.7839080459770115,-0.006896551724137945
ptbxl,ft40,0,sdnn_ms,q2,435,b0-c1,0.7908045977011494,0.7770114942528735,-0.01379310344827589
ptbxl,ft40,0,sdnn_ms,q3,434,b0-c2,0.7741935483870968,0.7672811059907834,-0.00691244239631339
ptbxl,ft40,0,sdnn_ms,q3,434,b0-c1,0.7741935483870968,0.7603686635944701,-0.013824884792626668
ptbxl,ft40,0,sdnn_ms,q4,435,b0-c2,0.8045977011494253,0.8091954022988506,0.0045977011494252595
ptbxl,ft40,0,sdnn_ms,q4,435,b0-c1,0.8045977011494253,0.8068965517241379,0.0022988505747125743
ptbxl,ft40,2,mean_rr_ms,q1,435,b0-c2,0.7609195402298851,0.7448275862068966,-0.016091954022988464
ptbxl,ft40,2,mean_rr_ms,q1,435,b0-c1,0.7609195402298851,0.7471264367816092,-0.01379310344827589
ptbxl,ft40,2,mean_rr_ms,q2,435,b0-c2,0.7563218390804598,0.7540229885057471,-0.0022988505747126853
ptbxl,ft40,2,mean_rr_ms,q2,435,b0-c1,0.7563218390804598,0.7816091954022989,0.025287356321839094
ptbxl,ft40,2,mean_rr_ms,q3,435,b0-c2,0.8,0.7724137931034483,-0.02758620689655178
ptbxl,ft40,2,mean_rr_ms,q3,435,b0-c1,0.8,0.7816091954022989,-0.01839080459770115
ptbxl,ft40,2,mean_rr_ms,q4,434,b0-c2,0.783410138248848,0.7857142857142857,0.0023041474654377225
ptbxl,ft40,2,mean_rr_ms,q4,434,b0-c1,0.783410138248848,0.7880184331797235,0.004608294930875556
ptbxl,ft40,2,sdnn_ms,q1,435,b0-c2,0.7425287356321839,0.7333333333333333,-0.00919540229885063
ptbxl,ft40,2,sdnn_ms,q1,435,b0-c1,0.7425287356321839,0.7632183908045977,0.020689655172413834
ptbxl,ft40,2,sdnn_ms,q2,435,b0-c2,0.7816091954022989,0.7724137931034483,-0.00919540229885063
ptbxl,ft40,2,sdnn_ms,q2,435,b0-c1,0.7816091954022989,0.7770114942528735,-0.0045977011494253706
ptbxl,ft40,2,sdnn_ms,q3,434,b0-c2,0.783410138248848,0.7534562211981567,-0.02995391705069128
ptbxl,ft40,2,sdnn_ms,q3,434,b0-c1,0.783410138248848,0.7603686635944701,-0.02304147465437789
ptbxl,ft40,2,sdnn_ms,q4,435,b0-c2,0.7931034482758621,0.7977011494252874,0.0045977011494252595
ptbxl,ft40,2,sdnn_ms,q4,435,b0-c1,0.7931034482758621,0.7977011494252874,0.0045977011494252595
ptbxl,ft40,4,mean_rr_ms,q1,435,b0-c2,0.7471264367816092,0.7310344827586207,-0.016091954022988464
ptbxl,ft40,4,mean_rr_ms,q1,435,b0-c1,0.7471264367816092,0.735632183908046,-0.011494252873563204
ptbxl,ft40,4,mean_rr_ms,q2,435,b0-c2,0.7655172413793103,0.774712643678161,0.00919540229885063
ptbxl,ft40,4,mean_rr_ms,q2,435,b0-c1,0.7655172413793103,0.7701149425287356,0.0045977011494252595
ptbxl,ft40,4,mean_rr_ms,q3,435,b0-c2,0.7770114942528735,0.7839080459770115,0.006896551724137945
ptbxl,ft40,4,mean_rr_ms,q3,435,b0-c1,0.7770114942528735,0.7908045977011494,0.01379310344827589
ptbxl,ft40,4,mean_rr_ms,q4,434,b0-c2,0.783410138248848,0.7603686635944701,-0.02304147465437789
ptbxl,ft40,4,mean_rr_ms,q4,434,b0-c1,0.783410138248848,0.7672811059907834,-0.016129032258064613
ptbxl,ft40,4,sdnn_ms,q1,435,b0-c2,0.7402298850574712,0.7333333333333333,-0.006896551724137945
ptbxl,ft40,4,sdnn_ms,q1,435,b0-c1,0.7402298850574712,0.7425287356321839,0.0022988505747126853
ptbxl,ft40,4,sdnn_ms,q2,435,b0-c2,0.7793103448275862,0.767816091954023,-0.011494252873563204
ptbxl,ft40,4,sdnn_ms,q2,435,b0-c1,0.7793103448275862,0.7770114942528735,-0.0022988505747126853
ptbxl,ft40,4,sdnn_ms,q3,434,b0-c2,0.771889400921659,0.7488479262672811,-0.02304147465437789
ptbxl,ft40,4,sdnn_ms,q3,434,b0-c1,0.771889400921659,0.7626728110599078,-0.009216589861751223
ptbxl,ft40,4,sdnn_ms,q4,435,b0-c2,0.7816091954022989,0.8,0.01839080459770115
ptbxl,ft40,4,sdnn_ms,q4,435,b0-c1,0.7816091954022989,0.7816091954022989,0.0
chapman,lp,1,mean_rr_ms,q1,512,b0-c2,0.896484375,0.9296875,0.033203125
chapman,lp,1,mean_rr_ms,q1,512,b0-c1,0.896484375,0.921875,0.025390625
chapman,lp,1,mean_rr_ms,q2,512,b0-c2,0.947265625,0.970703125,0.0234375
chapman,lp,1,mean_rr_ms,q2,512,b0-c1,0.947265625,0.96484375,0.017578125
chapman,lp,1,mean_rr_ms,q3,511,b0-c2,0.974559686888454,0.9804305283757339,0.005870841487279899
chapman,lp,1,mean_rr_ms,q3,511,b0-c1,0.974559686888454,0.9784735812133072,0.003913894324853229
chapman,lp,1,mean_rr_ms,q4,512,b0-c2,0.94140625,0.955078125,0.013671875
chapman,lp,1,mean_rr_ms,q4,512,b0-c1,0.94140625,0.955078125,0.013671875
chapman,lp,1,sdnn_ms,q1,512,b0-c2,0.9140625,0.94140625,0.02734375
chapman,lp,1,sdnn_ms,q1,512,b0-c1,0.9140625,0.94140625,0.02734375
chapman,lp,1,sdnn_ms,q2,512,b0-c2,0.92578125,0.955078125,0.029296875
chapman,lp,1,sdnn_ms,q2,512,b0-c1,0.92578125,0.951171875,0.025390625
chapman,lp,1,sdnn_ms,q3,511,b0-c2,0.9471624266144814,0.9647749510763209,0.017612524461839585
chapman,lp,1,sdnn_ms,q3,511,b0-c1,0.9471624266144814,0.9530332681017613,0.005870841487279899
chapman,lp,1,sdnn_ms,q4,512,b0-c2,0.97265625,0.974609375,0.001953125
chapman,lp,1,sdnn_ms,q4,512,b0-c1,0.97265625,0.974609375,0.001953125
chapman,lp,3,mean_rr_ms,q1,512,b0-c2,0.91796875,0.931640625,0.013671875
chapman,lp,3,mean_rr_ms,q1,512,b0-c1,0.91796875,0.9453125,0.02734375
chapman,lp,3,mean_rr_ms,q2,512,b0-c2,0.94140625,0.96875,0.02734375
chapman,lp,3,mean_rr_ms,q2,512,b0-c1,0.94140625,0.962890625,0.021484375
chapman,lp,3,mean_rr_ms,q3,511,b0-c2,0.9628180039138943,0.9784735812133072,0.015655577299412915
chapman,lp,3,mean_rr_ms,q3,511,b0-c1,0.9628180039138943,0.9765166340508806,0.013698630136986356
chapman,lp,3,mean_rr_ms,q4,512,b0-c2,0.9375,0.95703125,0.01953125
chapman,lp,3,mean_rr_ms,q4,512,b0-c1,0.9375,0.95703125,0.01953125
chapman,lp,3,sdnn_ms,q1,512,b0-c2,0.923828125,0.9453125,0.021484375
chapman,lp,3,sdnn_ms,q1,512,b0-c1,0.923828125,0.947265625,0.0234375
chapman,lp,3,sdnn_ms,q2,512,b0-c2,0.91796875,0.947265625,0.029296875
chapman,lp,3,sdnn_ms,q2,512,b0-c1,0.91796875,0.94921875,0.03125
chapman,lp,3,sdnn_ms,q3,511,b0-c2,0.9530332681017613,0.9647749510763209,0.011741682974559686
chapman,lp,3,sdnn_ms,q3,511,b0-c1,0.9530332681017613,0.9706457925636007,0.017612524461839474
chapman,lp,3,sdnn_ms,q4,512,b0-c2,0.96484375,0.978515625,0.013671875
chapman,lp,3,sdnn_ms,q4,512,b0-c1,0.96484375,0.974609375,0.009765625
cpsc,lp,1,mean_rr_ms,q1,347,b0-c2,0.7953890489913544,0.8011527377521613,0.0057636887608069065
cpsc,lp,1,mean_rr_ms,q1,347,b0-c1,0.7953890489913544,0.8126801152737753,0.01729106628242083
cpsc,lp,1,mean_rr_ms,q2,346,b0-c2,0.7369942196531792,0.7283236994219653,-0.008670520231213952
cpsc,lp,1,mean_rr_ms,q2,346,b0-c1,0.7369942196531792,0.7312138728323699,-0.005780346820809301
cpsc,lp,1,mean_rr_ms,q3,346,b0-c2,0.7572254335260116,0.7687861271676301,0.011560693641618491
cpsc,lp,1,mean_rr_ms,q3,346,b0-c1,0.7572254335260116,0.7745664739884393,0.01734104046242768
cpsc,lp,1,mean_rr_ms,q4,346,b0-c2,0.7572254335260116,0.7427745664739884,-0.014450867052023142
cpsc,lp,1,mean_rr_ms,q4,346,b0-c1,0.7572254335260116,0.7341040462427746,-0.023121387283236983
cpsc,lp,1,sdnn_ms,q1,347,b0-c2,0.792507204610951,0.7838616714697406,-0.008645533141210415
cpsc,lp,1,sdnn_ms,q1,347,b0-c1,0.792507204610951,0.7694524495677233,-0.023054755043227737
cpsc,lp,1,sdnn_ms,q2,346,b0-c2,0.7485549132947977,0.7427745664739884,-0.005780346820809301
cpsc,lp,1,sdnn_ms,q2,346,b0-c1,0.7485549132947977,0.7456647398843931,-0.0028901734104046506
cpsc,lp,1,sdnn_ms,q3,346,b0-c2,0.7456647398843931,0.7456647398843931,0.0
cpsc,lp,1,sdnn_ms,q3,346,b0-c1,0.7456647398843931,0.7774566473988439,0.03179190751445082
cpsc,lp,1,sdnn_ms,q4,346,b0-c2,0.7601156069364162,0.7687861271676301,0.00867052023121384
cpsc,lp,1,sdnn_ms,q4,346,b0-c1,0.7601156069364162,0.7601156069364162,0.0
cpsc,lp,3,mean_rr_ms,q1,347,b0-c2,0.8011527377521613,0.8155619596541787,0.014409221902017322
cpsc,lp,3,mean_rr_ms,q1,347,b0-c1,0.8011527377521613,0.8097982708933718,0.008645533141210415
cpsc,lp,3,mean_rr_ms,q2,346,b0-c2,0.7369942196531792,0.7427745664739884,0.00578034682080919
cpsc,lp,3,mean_rr_ms,q2,346,b0-c1,0.7369942196531792,0.7369942196531792,0.0
cpsc,lp,3,mean_rr_ms,q3,346,b0-c2,0.7716763005780347,0.7861271676300579,0.014450867052023142
cpsc,lp,3,mean_rr_ms,q3,346,b0-c1,0.7716763005780347,0.791907514450867,0.020231213872832332
cpsc,lp,3,mean_rr_ms,q4,346,b0-c2,0.7601156069364162,0.7485549132947977,-0.011560693641618491
cpsc,lp,3,mean_rr_ms,q4,346,b0-c1,0.7601156069364162,0.7196531791907514,-0.040462427745664775
cpsc,lp,3,sdnn_ms,q1,347,b0-c2,0.7809798270893372,0.7896253602305475,0.008645533141210304
cpsc,lp,3,sdnn_ms,q1,347,b0-c1,0.7809798270893372,0.7752161383285303,-0.0057636887608069065
cpsc,lp,3,sdnn_ms,q2,346,b0-c2,0.7630057803468208,0.7630057803468208,0.0
cpsc,lp,3,sdnn_ms,q2,346,b0-c1,0.7630057803468208,0.7601156069364162,-0.0028901734104045396
cpsc,lp,3,sdnn_ms,q3,346,b0-c2,0.7658959537572254,0.7658959537572254,0.0
cpsc,lp,3,sdnn_ms,q3,346,b0-c1,0.7658959537572254,0.7687861271676301,0.0028901734104046506
cpsc,lp,3,sdnn_ms,q4,346,b0-c2,0.7601156069364162,0.7745664739884393,0.014450867052023031
cpsc,lp,3,sdnn_ms,q4,346,b0-c1,0.7601156069364162,0.7543352601156069,-0.005780346820809301
ptbxl,lp,1,mean_rr_ms,q1,435,b0-c2,0.7540229885057471,0.7333333333333333,-0.020689655172413834
ptbxl,lp,1,mean_rr_ms,q1,435,b0-c1,0.7540229885057471,0.7402298850574712,-0.01379310344827589
ptbxl,lp,1,mean_rr_ms,q2,435,b0-c2,0.7586206896551724,0.7172413793103448,-0.04137931034482756
ptbxl,lp,1,mean_rr_ms,q2,435,b0-c1,0.7586206896551724,0.7471264367816092,-0.011494252873563204
ptbxl,lp,1,mean_rr_ms,q3,435,b0-c2,0.7655172413793103,0.7540229885057471,-0.011494252873563204
ptbxl,lp,1,mean_rr_ms,q3,435,b0-c1,0.7655172413793103,0.7517241379310344,-0.01379310344827589
ptbxl,lp,1,mean_rr_ms,q4,434,b0-c2,0.7580645161290323,0.7580645161290323,0.0
ptbxl,lp,1,mean_rr_ms,q4,434,b0-c1,0.7580645161290323,0.7488479262672811,-0.009216589861751112
ptbxl,lp,1,sdnn_ms,q1,435,b0-c2,0.7310344827586207,0.6942528735632184,-0.0367816091954023
ptbxl,lp,1,sdnn_ms,q1,435,b0-c1,0.7310344827586207,0.7172413793103448,-0.01379310344827589
ptbxl,lp,1,sdnn_ms,q2,435,b0-c2,0.767816091954023,0.7563218390804598,-0.011494252873563204
ptbxl,lp,1,sdnn_ms,q2,435,b0-c1,0.767816091954023,0.7586206896551724,-0.00919540229885063
ptbxl,lp,1,sdnn_ms,q3,434,b0-c2,0.7672811059907834,0.7419354838709677,-0.025345622119815614
ptbxl,lp,1,sdnn_ms,q3,434,b0-c1,0.7672811059907834,0.7465437788018433,-0.020737327188940058
ptbxl,lp,1,sdnn_ms,q4,435,b0-c2,0.7701149425287356,0.7701149425287356,0.0
ptbxl,lp,1,sdnn_ms,q4,435,b0-c1,0.7701149425287356,0.7655172413793103,-0.0045977011494252595
ptbxl,lp,3,mean_rr_ms,q1,435,b0-c2,0.7632183908045977,0.7333333333333333,-0.029885057471264465
ptbxl,lp,3,mean_rr_ms,q1,435,b0-c1,0.7632183908045977,0.7264367816091954,-0.0367816091954023
ptbxl,lp,3,mean_rr_ms,q2,435,b0-c2,0.767816091954023,0.7517241379310344,-0.016091954022988575
ptbxl,lp,3,mean_rr_ms,q2,435,b0-c1,0.767816091954023,0.7494252873563219,-0.01839080459770115
ptbxl,lp,3,mean_rr_ms,q3,435,b0-c2,0.7655172413793103,0.7563218390804598,-0.009195402298850519
ptbxl,lp,3,mean_rr_ms,q3,435,b0-c1,0.7655172413793103,0.7655172413793103,0.0
ptbxl,lp,3,mean_rr_ms,q4,434,b0-c2,0.7741935483870968,0.7396313364055299,-0.03456221198156684
ptbxl,lp,3,mean_rr_ms,q4,434,b0-c1,0.7741935483870968,0.7511520737327189,-0.02304147465437789
ptbxl,lp,3,sdnn_ms,q1,435,b0-c2,0.735632183908046,0.7103448275862069,-0.025287356321839094
ptbxl,lp,3,sdnn_ms,q1,435,b0-c1,0.735632183908046,0.7126436781609196,-0.02298850574712641
ptbxl,lp,3,sdnn_ms,q2,435,b0-c2,0.774712643678161,0.7471264367816092,-0.02758620689655178
ptbxl,lp,3,sdnn_ms,q2,435,b0-c1,0.774712643678161,0.7563218390804598,-0.01839080459770115
ptbxl,lp,3,sdnn_ms,q3,434,b0-c2,0.7741935483870968,0.7534562211981567,-0.020737327188940058
ptbxl,lp,3,sdnn_ms,q3,434,b0-c1,0.7741935483870968,0.7580645161290323,-0.016129032258064502
ptbxl,lp,3,sdnn_ms,q4,435,b0-c2,0.7862068965517242,0.7701149425287356,-0.016091954022988575
ptbxl,lp,3,sdnn_ms,q4,435,b0-c1,0.7862068965517242,0.7655172413793103,-0.020689655172413834
cpsc,lp_w5,0,mean_rr_ms,q1,347,b0-c2,0.8126801152737753,0.8069164265129684,-0.0057636887608069065
cpsc,lp_w5,0,mean_rr_ms,q1,347,b0-c1,0.8126801152737753,0.8069164265129684,-0.0057636887608069065
cpsc,lp_w5,0,mean_rr_ms,q2,346,b0-c2,0.7283236994219653,0.7485549132947977,0.020231213872832443
cpsc,lp_w5,0,mean_rr_ms,q2,346,b0-c1,0.7283236994219653,0.7196531791907514,-0.00867052023121384
cpsc,lp_w5,0,mean_rr_ms,q3,346,b0-c2,0.7543352601156069,0.7947976878612717,0.040462427745664775
cpsc,lp_w5,0,mean_rr_ms,q3,346,b0-c1,0.7543352601156069,0.791907514450867,0.037572254335260125
cpsc,lp_w5,0,mean_rr_ms,q4,346,b0-c2,0.7716763005780347,0.7543352601156069,-0.017341040462427793
cpsc,lp_w5,0,mean_rr_ms,q4,346,b0-c1,0.7716763005780347,0.7514450867052023,-0.020231213872832443
cpsc,lp_w5,0,sdnn_ms,q1,347,b0-c2,0.8011527377521613,0.7896253602305475,-0.011527377521613813
cpsc,lp_w5,0,sdnn_ms,q1,347,b0-c1,0.8011527377521613,0.7723342939481268,-0.028818443804034533
cpsc,lp_w5,0,sdnn_ms,q2,346,b0-c2,0.7456647398843931,0.7716763005780347,0.026011560693641633
cpsc,lp_w5,0,sdnn_ms,q2,346,b0-c1,0.7456647398843931,0.7745664739884393,0.028901734104046173
cpsc,lp_w5,0,sdnn_ms,q3,346,b0-c2,0.7601156069364162,0.7658959537572254,0.00578034682080919
cpsc,lp_w5,0,sdnn_ms,q3,346,b0-c1,0.7601156069364162,0.7630057803468208,0.0028901734104045396
cpsc,lp_w5,0,sdnn_ms,q4,346,b0-c2,0.7601156069364162,0.7774566473988439,0.01734104046242768
cpsc,lp_w5,0,sdnn_ms,q4,346,b0-c1,0.7601156069364162,0.7601156069364162,0.0
cpsc,lp_w5,2,mean_rr_ms,q1,347,b0-c2,0.7838616714697406,0.8184438040345822,0.03458213256484155
cpsc,lp_w5,2,mean_rr_ms,q1,347,b0-c1,0.7838616714697406,0.7982708933717579,0.014409221902017322
cpsc,lp_w5,2,mean_rr_ms,q2,346,b0-c2,0.7312138728323699,0.7398843930635838,0.00867052023121384
cpsc,lp_w5,2,mean_rr_ms,q2,346,b0-c1,0.7312138728323699,0.7427745664739884,0.011560693641618491
cpsc,lp_w5,2,mean_rr_ms,q3,346,b0-c2,0.7687861271676301,0.7832369942196532,0.014450867052023142
cpsc,lp_w5,2,mean_rr_ms,q3,346,b0-c1,0.7687861271676301,0.7861271676300579,0.017341040462427793
cpsc,lp_w5,2,mean_rr_ms,q4,346,b0-c2,0.7456647398843931,0.7543352601156069,0.00867052023121384
cpsc,lp_w5,2,mean_rr_ms,q4,346,b0-c1,0.7456647398843931,0.7283236994219653,-0.017341040462427793
cpsc,lp_w5,2,sdnn_ms,q1,347,b0-c2,0.7867435158501441,0.7780979827089337,-0.008645533141210415
cpsc,lp_w5,2,sdnn_ms,q1,347,b0-c1,0.7867435158501441,0.7694524495677233,-0.01729106628242083
cpsc,lp_w5,2,sdnn_ms,q2,346,b0-c2,0.7658959537572254,0.7630057803468208,-0.0028901734104046506
cpsc,lp_w5,2,sdnn_ms,q2,346,b0-c1,0.7658959537572254,0.7601156069364162,-0.00578034682080919
cpsc,lp_w5,2,sdnn_ms,q3,346,b0-c2,0.7398843930635838,0.7658959537572254,0.026011560693641633
cpsc,lp_w5,2,sdnn_ms,q3,346,b0-c1,0.7398843930635838,0.7601156069364162,0.020231213872832443
cpsc,lp_w5,2,sdnn_ms,q4,346,b0-c2,0.7369942196531792,0.7890173410404624,0.052023121387283155
cpsc,lp_w5,2,sdnn_ms,q4,346,b0-c1,0.7369942196531792,0.7658959537572254,0.028901734104046173
cpsc,lp_w5,4,mean_rr_ms,q1,347,b0-c2,0.7982708933717579,0.7953890489913544,-0.0028818443804035088
cpsc,lp_w5,4,mean_rr_ms,q1,347,b0-c1,0.7982708933717579,0.8069164265129684,0.008645533141210415
cpsc,lp_w5,4,mean_rr_ms,q2,346,b0-c2,0.7254335260115607,0.7543352601156069,0.028901734104046173
cpsc,lp_w5,4,mean_rr_ms,q2,346,b0-c1,0.7254335260115607,0.7456647398843931,0.020231213872832332
cpsc,lp_w5,4,mean_rr_ms,q3,346,b0-c2,0.7543352601156069,0.7803468208092486,0.026011560693641633
cpsc,lp_w5,4,mean_rr_ms,q3,346,b0-c1,0.7543352601156069,0.7832369942196532,0.028901734104046284
cpsc,lp_w5,4,mean_rr_ms,q4,346,b0-c2,0.7630057803468208,0.7601156069364162,-0.0028901734104045396
cpsc,lp_w5,4,mean_rr_ms,q4,346,b0-c1,0.7630057803468208,0.7485549132947977,-0.014450867052023031
cpsc,lp_w5,4,sdnn_ms,q1,347,b0-c2,0.7838616714697406,0.7953890489913544,0.011527377521613813
cpsc,lp_w5,4,sdnn_ms,q1,347,b0-c1,0.7838616714697406,0.7896253602305475,0.0057636887608069065
cpsc,lp_w5,4,sdnn_ms,q2,346,b0-c2,0.7572254335260116,0.7687861271676301,0.011560693641618491
cpsc,lp_w5,4,sdnn_ms,q2,346,b0-c1,0.7572254335260116,0.7687861271676301,0.011560693641618491
cpsc,lp_w5,4,sdnn_ms,q3,346,b0-c2,0.7398843930635838,0.7485549132947977,0.008670520231213952
cpsc,lp_w5,4,sdnn_ms,q3,346,b0-c1,0.7398843930635838,0.7485549132947977,0.008670520231213952
cpsc,lp_w5,4,sdnn_ms,q4,346,b0-c2,0.7601156069364162,0.7774566473988439,0.01734104046242768
cpsc,lp_w5,4,sdnn_ms,q4,346,b0-c1,0.7601156069364162,0.7774566473988439,0.01734104046242768
