pred_dir,model,domain,eval,seed,feature,bucket,n,acc
b0_chapman_ft10_seed0,b0,chapman,ft10,0,mean_rr_ms,q1,512,0.87890625
b0_chapman_ft10_seed0,b0,chapman,ft10,0,mean_rr_ms,q2,512,0.935546875
b0_chapman_ft10_seed0,b0,chapman,ft10,0,mean_rr_ms,q3,511,0.9549902152641878
b0_chapman_ft10_seed0,b0,chapman,ft10,0,mean_rr_ms,q4,512,0.931640625
b0_chapman_ft10_seed0,b0,chapman,ft10,0,sdnn_ms,q1,512,0.873046875
b0_chapman_ft10_seed0,b0,chapman,ft10,0,sdnn_ms,q2,512,0.921875
b0_chapman_ft10_seed0,b0,chapman,ft10,0,sdnn_ms,q3,511,0.9373776908023483
b0_chapman_ft10_seed0,b0,chapman,ft10,0,sdnn_ms,q4,512,0.96875
b0_chapman_ft10_seed2,b0,chapman,ft10,2,mean_rr_ms,q1,512,0.900390625
b0_chapman_ft10_seed2,b0,chapman,ft10,2,mean_rr_ms,q2,512,0.935546875
b0_chapman_ft10_seed2,b0,chapman,ft10,2,mean_rr_ms,q3,511,0.9549902152641878
b0_chapman_ft10_seed2,b0,chapman,ft10,2,mean_rr_ms,q4,512,0.94140625
b0_chapman_ft10_seed2,b0,chapman,ft10,2,sdnn_ms,q1,512,0.87890625
b0_chapman_ft10_seed2,b0,chapman,ft10,2,sdnn_ms,q2,512,0.943359375
b0_chapman_ft10_seed2,b0,chapman,ft10,2,sdnn_ms,q3,511,0.9334637964774951
b0_chapman_ft10_seed2,b0,chapman,ft10,2,sdnn_ms,q4,512,0.9765625
b0_chapman_ft10_seed4,b0,chapman,ft10,4,mean_rr_ms,q1,512,0.890625
b0_chapman_ft10_seed4,b0,chapman,ft10,4,mean_rr_ms,q2,512,0.94140625
b0_chapman_ft10_seed4,b0,chapman,ft10,4,mean_rr_ms,q3,511,0.9608610567514677
b0_chapman_ft10_seed4,b0,chapman,ft10,4,mean_rr_ms,q4,512,0.93359375
b0_chapman_ft10_seed4,b0,chapman,ft10,4,sdnn_ms,q1,512,0.884765625
b0_chapman_ft10_seed4,b0,chapman,ft10,4,sdnn_ms,q2,512,0.927734375
b0_chapman_ft10_seed4,b0,chapman,ft10,4,sdnn_ms,q3,511,0.9412915851272016
b0_chapman_ft10_seed4,b0,chapman,ft10,4,sdnn_ms,q4,512,0.97265625
b0_cpsc_ft10_seed0,b0,cpsc,ft10,0,mean_rr_ms,q1,347,0.7723342939481268
b0_cpsc_ft10_seed0,b0,cpsc,ft10,0,mean_rr_ms,q2,346,0.6907514450867052
b0_cpsc_ft10_seed0,b0,cpsc,ft10,0,mean_rr_ms,q3,346,0.7225433526011561
b0_cpsc_ft10_seed0,b0,cpsc,ft10,0,mean_rr_ms,q4,346,0.6994219653179191
b0_cpsc_ft10_seed0,b0,cpsc,ft10,0,sdnn_ms,q1,347,0.7435158501440923
b0_cpsc_ft10_seed0,b0,cpsc,ft10,0,sdnn_ms,q2,346,0.7109826589595376
b0_cpsc_ft10_seed0,b0,cpsc,ft10,0,sdnn_ms,q3,346,0.7398843930635838
b0_cpsc_ft10_seed0,b0,cpsc,ft10,0,sdnn_ms,q4,346,0.6907514450867052
b0_cpsc_ft10_seed2,b0,cpsc,ft10,2,mean_rr_ms,q1,347,0.7723342939481268
b0_cpsc_ft10_seed2,b0,cpsc,ft10,2,mean_rr_ms,q2,346,0.6965317919075145
b0_cpsc_ft10_seed2,b0,cpsc,ft10,2,mean_rr_ms,q3,346,0.7052023121387283
b0_cpsc_ft10_seed2,b0,cpsc,ft10,2,mean_rr_ms,q4,346,0.6936416184971098
b0_cpsc_ft10_seed2,b0,cpsc,ft10,2,sdnn_ms,q1,347,0.7521613832853026
b0_cpsc_ft10_seed2,b0,cpsc,ft10,2,sdnn_ms,q2,346,0.6965317919075145
b0_cpsc_ft10_seed2,b0,cpsc,ft10,2,sdnn_ms,q3,346,0.7312138728323699
b0_cpsc_ft10_seed2,b0,cpsc,ft10,2,sdnn_ms,q4,346,0.6878612716763006
b0_cpsc_ft10_seed4,b0,cpsc,ft10,4,mean_rr_ms,q1,347,0.7492795389048992
b0_cpsc_ft10_seed4,b0,cpsc,ft10,4,mean_rr_ms,q2,346,0.6878612716763006
b0_cpsc_ft10_seed4,b0,cpsc,ft10,4,mean_rr_ms,q3,346,0.708092485549133
b0_cpsc_ft10_seed4,b0,cpsc,ft10,4,mean_rr_ms,q4,346,0.7138728323699421
b0_cpsc_ft10_seed4,b0,cpsc,ft10,4,sdnn_ms,q1,347,0.7348703170028819
b0_cpsc_ft10_seed4,b0,cpsc,ft10,4,sdnn_ms,q2,346,0.7167630057803468
b0_cpsc_ft10_seed4,b0,cpsc,ft10,4,sdnn_ms,q3,346,0.7369942196531792
b0_cpsc_ft10_seed4,b0,cpsc,ft10,4,sdnn_ms,q4,346,0.6705202312138728
b0_ptbxl_ft20_seed0,b0,ptbxl,ft20,0,mean_rr_ms,q1,435,0.7425287356321839
b0_ptbxl_ft20_seed0,b0,ptbxl,ft20,0,mean_rr_ms,q2,435,0.7586206896551724
b0_ptbxl_ft20_seed0,b0,ptbxl,ft20,0,mean_rr_ms,q3,435,0.7885057471264367
b0_ptbxl_ft20_seed0,b0,ptbxl,ft20,0,mean_rr_ms,q4,434,0.7672811059907834
b0_ptbxl_ft20_seed0,b0,ptbxl,ft20,0,sdnn_ms,q1,435,0.728735632183908
b0_ptbxl_ft20_seed0,b0,ptbxl,ft20,0,sdnn_ms,q2,435,0.7724137931034483
b0_ptbxl_ft20_seed0,b0,ptbxl,ft20,0,sdnn_ms,q3,434,0.7672811059907834
b0_ptbxl_ft20_seed0,b0,ptbxl,ft20,0,sdnn_ms,q4,435,0.7885057471264367
b0_ptbxl_ft20_seed2,b0,ptbxl,ft20,2,mean_rr_ms,q1,435,0.7471264367816092
b0_ptbxl_ft20_seed2,b0,ptbxl,ft20,2,mean_rr_ms,q2,435,0.7724137931034483
b0_ptbxl_ft20_seed2,b0,ptbxl,ft20,2,mean_rr_ms,q3,435,0.7908045977011494
b0_ptbxl_ft20_seed2,b0,ptbxl,ft20,2,mean_rr_ms,q4,434,0.7880184331797235
b0_ptbxl_ft20_seed2,b0,ptbxl,ft20,2,sdnn_ms,q1,435,0.7425287356321839
b0_ptbxl_ft20_seed2,b0,ptbxl,ft20,2,sdnn_ms,q2,435,0.7793103448275862
b0_ptbxl_ft20_seed2,b0,ptbxl,ft20,2,sdnn_ms,q3,434,0.7788018433179723
b0_ptbxl_ft20_seed2,b0,ptbxl,ft20,2,sdnn_ms,q4,435,0.7977011494252874
b0_ptbxl_ft20_seed4,b0,ptbxl,ft20,4,mean_rr_ms,q1,435,0.7402298850574712
b0_ptbxl_ft20_seed4,b0,ptbxl,ft20,4,mean_rr_ms,q2,435,0.7655172413793103
b0_ptbxl_ft20_seed4,b0,ptbxl,ft20,4,mean_rr_ms,q3,435,0.7816091954022989
b0_ptbxl_ft20_seed4,b0,ptbxl,ft20,4,mean_rr_ms,q4,434,0.7672811059907834
b0_ptbxl_ft20_seed4,b0,ptbxl,ft20,4,sdnn_ms,q1,435,0.7471264367816092
b0_ptbxl_ft20_seed4,b0,ptbxl,ft20,4,sdnn_ms,q2,435,0.774712643678161
b0_ptbxl_ft20_seed4,b0,ptbxl,ft20,4,sdnn_ms,q3,434,0.7488479262672811
b0_ptbxl_ft20_seed4,b0,ptbxl,ft20,4,sdnn_ms,q4,435,0.7839080459770115
b0_ptbxl_ft40_seed0,b0,ptbxl,ft40,0,mean_rr_ms,q1,435,0.7517241379310344
b0_ptbxl_ft40_seed0,b0,ptbxl,ft40,0,mean_rr_ms,q2,435,0.7816091954022989
b0_ptbxl_ft40_seed0,b0,ptbxl,ft40,0,mean_rr_ms,q3,435,0.7977011494252874
b0_ptbxl_ft40_seed0,b0,ptbxl,ft40,0,mean_rr_ms,q4,434,0.7995391705069125
b0_ptbxl_ft40_seed0,b0,ptbxl,ft40,0,sdnn_ms,q1,435,0.7609195402298851
b0_ptbxl_ft40_seed0,b0,ptbxl,ft40,0,sdnn_ms,q2,435,0.7908045977011494
b0_ptbxl_ft40_seed0,b0,ptbxl,ft40,0,sdnn_ms,q3,434,0.7741935483870968
b0_ptbxl_ft40_seed0,b0,ptbxl,ft40,0,sdnn_ms,q4,435,0.8045977011494253
b0_ptbxl_ft40_seed2,b0,ptbxl,ft40,2,mean_rr_ms,q1,435,0.7609195402298851
b0_ptbxl_ft40_seed2,b0,ptbxl,ft40,2,mean_rr_ms,q2,435,0.7563218390804598
b0_ptbxl_ft40_seed2,b0,ptbxl,ft40,2,mean_rr_ms,q3,435,0.8
b0_ptbxl_ft40_seed2,b0,ptbxl,ft40,2,mean_rr_ms,q4,434,0.783410138248848
b0_ptbxl_ft40_seed2,b0,ptbxl,ft40,2,sdnn_ms,q1,435,0.7425287356321839
b0_ptbxl_ft40_seed2,b0,ptbxl,ft40,2,sdnn_ms,q2,435,0.7816091954022989
b0_ptbxl_ft40_seed2,b0,ptbxl,ft40,2,sdnn_ms,q3,434,0.783410138248848
b0_ptbxl_ft40_seed2,b0,ptbxl,ft40,2,sdnn_ms,q4,435,0.7931034482758621
b0_ptbxl_ft40_seed4,b0,ptbxl,ft40,4,mean_rr_ms,q1,435,0.7471264367816092
b0_ptbxl_ft40_seed4,b0,ptbxl,ft40,4,mean_rr_ms,q2,435,0.7655172413793103
b0_ptbxl_ft40_seed4,b0,ptbxl,ft40,4,mean_rr_ms,q3,435,0.7770114942528735
b0_ptbxl_ft40_seed4,b0,ptbxl,ft40,4,mean_rr_ms,q4,434,0.783410138248848
b0_ptbxl_ft40_seed4,b0,ptbxl,ft40,4,sdnn_ms,q1,435,0.7402298850574712
b0_ptbxl_ft40_seed4,b0,ptbxl,ft40,4,sdnn_ms,q2,435,0.7793103448275862
b0_ptbxl_ft40_seed4,b0,ptbxl,ft40,4,sdnn_ms,q3,434,0.771889400921659
b0_ptbxl_ft40_seed4,b0,ptbxl,ft40,4,sdnn_ms,q4,435,0.7816091954022989
c1_chapman_ft10_seed0,c1,chapman,ft10,0,mean_rr_ms,q1,512,0.888671875
c1_chapman_ft10_seed0,c1,chapman,ft10,0,mean_rr_ms,q2,512,0.935546875
c1_chapman_ft10_seed0,c1,chapman,ft10,0,mean_rr_ms,q3,511,0.9667318982387475
c1_chapman_ft10_seed0,c1,chapman,ft10,0,mean_rr_ms,q4,512,0.93359375
c1_chapman_ft10_seed0,c1,chapman,ft10,0,sdnn_ms,q1,512,0.880859375
c1_chapman_ft10_seed0,c1,chapman,ft10,0,sdnn_ms,q2,512,0.9296875
c1_chapman_ft10_seed0,c1,chapman,ft10,0,sdnn_ms,q3,511,0.9432485322896281
c1_chapman_ft10_seed0,c1,chapman,ft10,0,sdnn_ms,q4,512,0.970703125
c1_chapman_ft10_seed2,c1,chapman,ft10,2,mean_rr_ms,q1,512,0.880859375
c1_chapman_ft10_seed2,c1,chapman,ft10,2,mean_rr_ms,q2,512,0.94140625
c1_chapman_ft10_seed2,c1,chapman,ft10,2,mean_rr_ms,q3,511,0.9549902152641878
c1_chapman_ft10_seed2,c1,chapman,ft10,2,mean_rr_ms,q4,512,0.9375
c1_chapman_ft10_seed2,c1,chapman,ft10,2,sdnn_ms,q1,512,0.8828125
c1_chapman_ft10_seed2,c1,chapman,ft10,2,sdnn_ms,q2,512,0.93359375
c1_chapman_ft10_seed2,c1,chapman,ft10,2,sdnn_ms,q3,511,0.9315068493150684
c1_chapman_ft10_seed2,c1,chapman,ft10,2,sdnn_ms,q4,512,0.966796875
c1_chapman_ft10_seed4,c1,chapman,ft10,4,mean_rr_ms,q1,512,0.8828125
c1_chapman_ft10_seed4,c1,chapman,ft10,4,mean_rr_ms,q2,512,0.953125
c1_chapman_ft10_seed4,c1,chapman,ft10,4,mean_rr_ms,q3,511,0.9667318982387475
c1_chapman_ft10_seed4,c1,chapman,ft10,4,mean_rr_ms,q4,512,0.9375
c1_chapman_ft10_seed4,c1,chapman,ft10,4,sdnn_ms,q1,512,0.884765625
c1_chapman_ft10_seed4,c1,chapman,ft10,4,sdnn_ms,q2,512,0.931640625
c1_chapman_ft10_seed4,c1,chapman,ft10,4,sdnn_ms,q3,511,0.9471624266144814
c1_chapman_ft10_seed4,c1,chapman,ft10,4,sdnn_ms,q4,512,0.9765625
c1_cpsc_ft10_seed0,c1,cpsc,ft10,0,mean_rr_ms,q1,347,0.7579250720461095
c1_cpsc_ft10_seed0,c1,cpsc,ft10,0,mean_rr_ms,q2,346,0.6965317919075145
c1_cpsc_ft10_seed0,c1,cpsc,ft10,0,mean_rr_ms,q3,346,0.7109826589595376
c1_cpsc_ft10_seed0,c1,cpsc,ft10,0,mean_rr_ms,q4,346,0.6907514450867052
c1_cpsc_ft10_seed0,c1,cpsc,ft10,0,sdnn_ms,q1,347,0.7406340057636888
c1_cpsc_ft10_seed0,c1,cpsc,ft10,0,sdnn_ms,q2,346,0.7023121387283237
c1_cpsc_ft10_seed0,c1,cpsc,ft10,0,sdnn_ms,q3,346,0.7341040462427746
c1_cpsc_ft10_seed0,c1,cpsc,ft10,0,sdnn_ms,q4,346,0.6791907514450867
c1_cpsc_ft10_seed2,c1,cpsc,ft10,2,mean_rr_ms,q1,347,0.7780979827089337
c1_cpsc_ft10_seed2,c1,cpsc,ft10,2,mean_rr_ms,q2,346,0.6907514450867052
c1_cpsc_ft10_seed2,c1,cpsc,ft10,2,mean_rr_ms,q3,346,0.7138728323699421
c1_cpsc_ft10_seed2,c1,cpsc,ft10,2,mean_rr_ms,q4,346,0.6878612716763006
c1_cpsc_ft10_seed2,c1,cpsc,ft10,2,sdnn_ms,q1,347,0.7492795389048992
c1_cpsc_ft10_seed2,c1,cpsc,ft10,2,sdnn_ms,q2,346,0.7109826589595376
c1_cpsc_ft10_seed2,c1,cpsc,ft10,2,sdnn_ms,q3,346,0.7138728323699421
c1_cpsc_ft10_seed2,c1,cpsc,ft10,2,sdnn_ms,q4,346,0.6965317919075145
c1_cpsc_ft10_seed4,c1,cpsc,ft10,4,mean_rr_ms,q1,347,0.760806916426513
c1_cpsc_ft10_seed4,c1,cpsc,ft10,4,mean_rr_ms,q2,346,0.6734104046242775
c1_cpsc_ft10_seed4,c1,cpsc,ft10,4,mean_rr_ms,q3,346,0.708092485549133
c1_cpsc_ft10_seed4,c1,cpsc,ft10,4,mean_rr_ms,q4,346,0.6820809248554913
c1_cpsc_ft10_seed4,c1,cpsc,ft10,4,sdnn_ms,q1,347,0.723342939481268
c1_cpsc_ft10_seed4,c1,cpsc,ft10,4,sdnn_ms,q2,346,0.6994219653179191
c1_cpsc_ft10_seed4,c1,cpsc,ft10,4,sdnn_ms,q3,346,0.7225433526011561
c1_cpsc_ft10_seed4,c1,cpsc,ft10,4,sdnn_ms,q4,346,0.6791907514450867
c1_ptbxl_ft20_seed0,c1,ptbxl,ft20,0,mean_rr_ms,q1,435,0.7218390804597701
c1_ptbxl_ft20_seed0,c1,ptbxl,ft20,0,mean_rr_ms,q2,435,0.7793103448275862
c1_ptbxl_ft20_seed0,c1,ptbxl,ft20,0,mean_rr_ms,q3,435,0.7816091954022989
c1_ptbxl_ft20_seed0,c1,ptbxl,ft20,0,mean_rr_ms,q4,434,0.7626728110599078
c1_ptbxl_ft20_seed0,c1,ptbxl,ft20,0,sdnn_ms,q1,435,0.7333333333333333
c1_ptbxl_ft20_seed0,c1,ptbxl,ft20,0,sdnn_ms,q2,435,0.7655172413793103
c1_ptbxl_ft20_seed0,c1,ptbxl,ft20,0,sdnn_ms,q3,434,0.7580645161290323
c1_ptbxl_ft20_seed0,c1,ptbxl,ft20,0,sdnn_ms,q4,435,0.7885057471264367
c1_ptbxl_ft20_seed2,c1,ptbxl,ft20,2,mean_rr_ms,q1,435,0.7517241379310344
c1_ptbxl_ft20_seed2,c1,ptbxl,ft20,2,mean_rr_ms,q2,435,0.7839080459770115
c1_ptbxl_ft20_seed2,c1,ptbxl,ft20,2,mean_rr_ms,q3,435,0.7885057471264367
c1_ptbxl_ft20_seed2,c1,ptbxl,ft20,2,mean_rr_ms,q4,434,0.7649769585253456
c1_ptbxl_ft20_seed2,c1,ptbxl,ft20,2,sdnn_ms,q1,435,0.7655172413793103
c1_ptbxl_ft20_seed2,c1,ptbxl,ft20,2,sdnn_ms,q2,435,0.7724137931034483
c1_ptbxl_ft20_seed2,c1,ptbxl,ft20,2,sdnn_ms,q3,434,0.7603686635944701
c1_ptbxl_ft20_seed2,c1,ptbxl,ft20,2,sdnn_ms,q4,435,0.7908045977011494
c1_ptbxl_ft20_seed4,c1,ptbxl,ft20,4,mean_rr_ms,q1,435,0.7264367816091954
c1_ptbxl_ft20_seed4,c1,ptbxl,ft20,4,mean_rr_ms,q2,435,0.7609195402298851
c1_ptbxl_ft20_seed4,c1,ptbxl,ft20,4,mean_rr_ms,q3,435,0.7839080459770115
c1_ptbxl_ft20_seed4,c1,ptbxl,ft20,4,mean_rr_ms,q4,434,0.7741935483870968
c1_ptbxl_ft20_seed4,c1,ptbxl,ft20,4,sdnn_ms,q1,435,0.7402298850574712
c1_ptbxl_ft20_seed4,c1,ptbxl,ft20,4,sdnn_ms,q2,435,0.7655172413793103
c1_ptbxl_ft20_seed4,c1,ptbxl,ft20,4,sdnn_ms,q3,434,0.7534562211981567
c1_ptbxl_ft20_seed4,c1,ptbxl,ft20,4,sdnn_ms,q4,435,0.7862068965517242
c1_ptbxl_ft40_seed0,c1,ptbxl,ft40,0,mean_rr_ms,q1,435,0.7425287356321839
c1_ptbxl_ft40_seed0,c1,ptbxl,ft40,0,mean_rr_ms,q2,435,0.7793103448275862
c1_ptbxl_ft40_seed0,c1,ptbxl,ft40,0,mean_rr_ms,q3,435,0.7862068965517242
c1_ptbxl_ft40_seed0,c1,ptbxl,ft40,0,mean_rr_ms,q4,434,0.7903225806451613
c1_ptbxl_ft40_seed0,c1,ptbxl,ft40,0,sdnn_ms,q1,435,0.7540229885057471
c1_ptbxl_ft40_seed0,c1,ptbxl,ft40,0,sdnn_ms,q2,435,0.7770114942528735
c1_ptbxl_ft40_seed0,c1,ptbxl,ft40,0,sdnn_ms,q3,434,0.7603686635944701
c1_ptbxl_ft40_seed0,c1,ptbxl,ft40,0,sdnn_ms,q4,435,0.8068965517241379
c1_ptbxl_ft40_seed2,c1,ptbxl,ft40,2,mean_rr_ms,q1,435,0.7471264367816092
c1_ptbxl_ft40_seed2,c1,ptbxl,ft40,2,mean_rr_ms,q2,435,0.7816091954022989
c1_ptbxl_ft40_seed2,c1,ptbxl,ft40,2,mean_rr_ms,q3,435,0.7816091954022989
c1_ptbxl_ft40_seed2,c1,ptbxl,ft40,2,mean_rr_ms,q4,434,0.7880184331797235
c1_ptbxl_ft40_seed2,c1,ptbxl,ft40,2,sdnn_ms,q1,435,0.7632183908045977
c1_ptbxl_ft40_seed2,c1,ptbxl,ft40,2,sdnn_ms,q2,435,0.7770114942528735
c1_ptbxl_ft40_seed2,c1,ptbxl,ft40,2,sdnn_ms,q3,434,0.7603686635944701
c1_ptbxl_ft40_seed2,c1,ptbxl,ft40,2,sdnn_ms,q4,435,0.7977011494252874
c1_ptbxl_ft40_seed4,c1,ptbxl,ft40,4,mean_rr_ms,q1,435,0.735632183908046
c1_ptbxl_ft40_seed4,c1,ptbxl,ft40,4,mean_rr_ms,q2,435,0.7701149425287356
c1_ptbxl_ft40_seed4,c1,ptbxl,ft40,4,mean_rr_ms,q3,435,0.7908045977011494
c1_ptbxl_ft40_seed4,c1,ptbxl,ft40,4,mean_rr_ms,q4,434,0.7672811059907834
c1_ptbxl_ft40_seed4,c1,ptbxl,ft40,4,sdnn_ms,q1,435,0.7425287356321839
c1_ptbxl_ft40_seed4,c1,ptbxl,ft40,4,sdnn_ms,q2,435,0.7770114942528735
c1_ptbxl_ft40_seed4,c1,ptbxl,ft40,4,sdnn_ms,q3,434,0.7626728110599078
c1_ptbxl_ft40_seed4,c1,ptbxl,ft40,4,sdnn_ms,q4,435,0.7816091954022989
c2_chapman_ft10_seed0,c2,chapman,ft10,0,mean_rr_ms,q1,512,0.892578125
c2_chapman_ft10_seed0,c2,chapman,ft10,0,mean_rr_ms,q2,512,0.939453125
c2_chapman_ft10_seed0,c2,chapman,ft10,0,mean_rr_ms,q3,511,0.9686888454011742
c2_chapman_ft10_seed0,c2,chapman,ft10,0,mean_rr_ms,q4,512,0.939453125
c2_chapman_ft10_seed0,c2,chapman,ft10,0,sdnn_ms,q1,512,0.880859375
c2_chapman_ft10_seed0,c2,chapman,ft10,0,sdnn_ms,q2,512,0.935546875
c2_chapman_ft10_seed0,c2,chapman,ft10,0,sdnn_ms,q3,511,0.9510763209393346
c2_chapman_ft10_seed0,c2,chapman,ft10,0,sdnn_ms,q4,512,0.97265625
c2_chapman_ft10_seed2,c2,chapman,ft10,2,mean_rr_ms,q1,512,0.87109375
c2_chapman_ft10_seed2,c2,chapman,ft10,2,mean_rr_ms,q2,512,0.947265625
c2_chapman_ft10_seed2,c2,chapman,ft10,2,mean_rr_ms,q3,511,0.9706457925636007
c2_chapman_ft10_seed2,c2,chapman,ft10,2,mean_rr_ms,q4,512,0.94140625
c2_chapman_ft10_seed2,c2,chapman,ft10,2,sdnn_ms,q1,512,0.890625
c2_chapman_ft10_seed2,c2,chapman,ft10,2,sdnn_ms,q2,512,0.9296875
c2_chapman_ft10_seed2,c2,chapman,ft10,2,sdnn_ms,q3,511,0.9373776908023483
c2_chapman_ft10_seed2,c2,chapman,ft10,2,sdnn_ms,q4,512,0.97265625
c2_chapman_ft10_seed4,c2,chapman,ft10,4,mean_rr_ms,q1,512,0.8984375
c2_chapman_ft10_seed4,c2,chapman,ft10,4,mean_rr_ms,q2,512,0.94921875
c2_chapman_ft10_seed4,c2,chapman,ft10,4,mean_rr_ms,q3,511,0.9706457925636007
c2_chapman_ft10_seed4,c2,chapman,ft10,4,mean_rr_ms,q4,512,0.943359375
c2_chapman_ft10_seed4,c2,chapman,ft10,4,sdnn_ms,q1,512,0.88671875
c2_chapman_ft10_seed4,c2,chapman,ft10,4,sdnn_ms,q2,512,0.94140625
c2_chapman_ft10_seed4,c2,chapman,ft10,4,sdnn_ms,q3,511,0.9569471624266145
c2_chapman_ft10_seed4,c2,chapman,ft10,4,sdnn_ms,q4,512,0.9765625
c2_cpsc_ft10_seed0,c2,cpsc,ft10,0,mean_rr_ms,q1,347,0.7521613832853026
c2_cpsc_ft10_seed0,c2,cpsc,ft10,0,mean_rr_ms,q2,346,0.6994219653179191
c2_cpsc_ft10_seed0,c2,cpsc,ft10,0,mean_rr_ms,q3,346,0.7167630057803468
c2_cpsc_ft10_seed0,c2,cpsc,ft10,0,mean_rr_ms,q4,346,0.7052023121387283
c2_cpsc_ft10_seed0,c2,cpsc,ft10,0,sdnn_ms,q1,347,0.7175792507204611
c2_cpsc_ft10_seed0,c2,cpsc,ft10,0,sdnn_ms,q2,346,0.7196531791907514
c2_cpsc_ft10_seed0,c2,cpsc,ft10,0,sdnn_ms,q3,346,0.7427745664739884
c2_cpsc_ft10_seed0,c2,cpsc,ft10,0,sdnn_ms,q4,346,0.6936416184971098
c2_cpsc_ft10_seed2,c2,cpsc,ft10,2,mean_rr_ms,q1,347,0.7636887608069164
c2_cpsc_ft10_seed2,c2,cpsc,ft10,2,mean_rr_ms,q2,346,0.7138728323699421
c2_cpsc_ft10_seed2,c2,cpsc,ft10,2,mean_rr_ms,q3,346,0.7167630057803468
c2_cpsc_ft10_seed2,c2,cpsc,ft10,2,mean_rr_ms,q4,346,0.6994219653179191
c2_cpsc_ft10_seed2,c2,cpsc,ft10,2,sdnn_ms,q1,347,0.7521613832853026
c2_cpsc_ft10_seed2,c2,cpsc,ft10,2,sdnn_ms,q2,346,0.7138728323699421
c2_cpsc_ft10_seed2,c2,cpsc,ft10,2,sdnn_ms,q3,346,0.7398843930635838
c2_cpsc_ft10_seed2,c2,cpsc,ft10,2,sdnn_ms,q4,346,0.6878612716763006
c2_cpsc_ft10_seed4,c2,cpsc,ft10,4,mean_rr_ms,q1,347,0.7723342939481268
c2_cpsc_ft10_seed4,c2,cpsc,ft10,4,mean_rr_ms,q2,346,0.7138728323699421
c2_cpsc_ft10_seed4,c2,cpsc,ft10,4,mean_rr_ms,q3,346,0.7196531791907514
c2_cpsc_ft10_seed4,c2,cpsc,ft10,4,mean_rr_ms,q4,346,0.6994219653179191
c2_cpsc_ft10_seed4,c2,cpsc,ft10,4,sdnn_ms,q1,347,0.7406340057636888
c2_cpsc_ft10_seed4,c2,cpsc,ft10,4,sdnn_ms,q2,346,0.7283236994219653
c2_cpsc_ft10_seed4,c2,cpsc,ft10,4,sdnn_ms,q3,346,0.7456647398843931
c2_cpsc_ft10_seed4,c2,cpsc,ft10,4,sdnn_ms,q4,346,0.6907514450867052
c2_ptbxl_ft20_seed0,c2,ptbxl,ft20,0,mean_rr_ms,q1,435,0.7333333333333333
c2_ptbxl_ft20_seed0,c2,ptbxl,ft20,0,mean_rr_ms,q2,435,0.7816091954022989
c2_ptbxl_ft20_seed0,c2,ptbxl,ft20,0,mean_rr_ms,q3,435,0.7908045977011494
c2_ptbxl_ft20_seed0,c2,ptbxl,ft20,0,mean_rr_ms,q4,434,0.783410138248848
c2_ptbxl_ft20_seed0,c2,ptbxl,ft20,0,sdnn_ms,q1,435,0.7448275862068966
c2_ptbxl_ft20_seed0,c2,ptbxl,ft20,0,sdnn_ms,q2,435,0.7816091954022989
c2_ptbxl_ft20_seed0,c2,ptbxl,ft20,0,sdnn_ms,q3,434,0.7649769585253456
c2_ptbxl_ft20_seed0,c2,ptbxl,ft20,0,sdnn_ms,q4,435,0.7977011494252874
c2_ptbxl_ft20_seed2,c2,ptbxl,ft20,2,mean_rr_ms,q1,435,0.7195402298850575
c2_ptbxl_ft20_seed2,c2,ptbxl,ft20,2,mean_rr_ms,q2,435,0.7655172413793103
c2_ptbxl_ft20_seed2,c2,ptbxl,ft20,2,mean_rr_ms,q3,435,0.7839080459770115
c2_ptbxl_ft20_seed2,c2,ptbxl,ft20,2,mean_rr_ms,q4,434,0.771889400921659
c2_ptbxl_ft20_seed2,c2,ptbxl,ft20,2,sdnn_ms,q1,435,0.7218390804597701
c2_ptbxl_ft20_seed2,c2,ptbxl,ft20,2,sdnn_ms,q2,435,0.7816091954022989
c2_ptbxl_ft20_seed2,c2,ptbxl,ft20,2,sdnn_ms,q3,434,0.7442396313364056
c2_ptbxl_ft20_seed2,c2,ptbxl,ft20,2,sdnn_ms,q4,435,0.7931034482758621
c2_ptbxl_ft20_seed4,c2,ptbxl,ft20,4,mean_rr_ms,q1,435,0.7103448275862069
c2_ptbxl_ft20_seed4,c2,ptbxl,ft20,4,mean_rr_ms,q2,435,0.7609195402298851
c2_ptbxl_ft20_seed4,c2,ptbxl,ft20,4,mean_rr_ms,q3,435,0.7908045977011494
c2_ptbxl_ft20_seed4,c2,ptbxl,ft20,4,mean_rr_ms,q4,434,0.7672811059907834
c2_ptbxl_ft20_seed4,c2,ptbxl,ft20,4,sdnn_ms,q1,435,0.7195402298850575
c2_ptbxl_ft20_seed4,c2,ptbxl,ft20,4,sdnn_ms,q2,435,0.7724137931034483
c2_ptbxl_ft20_seed4,c2,ptbxl,ft20,4,sdnn_ms,q3,434,0.7488479262672811
c2_ptbxl_ft20_seed4,c2,ptbxl,ft20,4,sdnn_ms,q4,435,0.7885057471264367
c2_ptbxl_ft40_seed0,c2,ptbxl,ft40,0,mean_rr_ms,q1,435,0.7471264367816092
c2_ptbxl_ft40_seed0,c2,ptbxl,ft40,0,mean_rr_ms,q2,435,0.7816091954022989
c2_ptbxl_ft40_seed0,c2,ptbxl,ft40,0,mean_rr_ms,q3,435,0.7977011494252874
c2_ptbxl_ft40_seed0,c2,ptbxl,ft40,0,mean_rr_ms,q4,434,0.7811059907834101
c2_ptbxl_ft40_seed0,c2,ptbxl,ft40,0,sdnn_ms,q1,435,0.7471264367816092
c2_ptbxl_ft40_seed0,c2,ptbxl,ft40,0,sdnn_ms,q2,435,0.7839080459770115
c2_ptbxl_ft40_seed0,c2,ptbxl,ft40,0,sdnn_ms,q3,434,0.7672811059907834
c2_ptbxl_ft40_seed0,c2,ptbxl,ft40,0,sdnn_ms,q4,435,0.8091954022988506
c2_ptbxl_ft40_seed2,c2,ptbxl,ft40,2,mean_rr_ms,q1,435,0.7448275862068966
c2_ptbxl_ft40_seed2,c2,ptbxl,ft40,2,mean_rr_ms,q2,435,0.7540229885057471
c2_ptbxl_ft40_seed2,c2,ptbxl,ft40,2,mean_rr_ms,q3,435,0.7724137931034483
c2_ptbxl_ft40_seed2,c2,ptbxl,ft40,2,mean_rr_ms,q4,434,0.7857142857142857
c2_ptbxl_ft40_seed2,c2,ptbxl,ft40,2,sdnn_ms,q1,435,0.7333333333333333
c2_ptbxl_ft40_seed2,c2,ptbxl,ft40,2,sdnn_ms,q2,435,0.7724137931034483
c2_ptbxl_ft40_seed2,c2,ptbxl,ft40,2,sdnn_ms,q3,434,0.7534562211981567
c2_ptbxl_ft40_seed2,c2,ptbxl,ft40,2,sdnn_ms,q4,435,0.7977011494252874
c2_ptbxl_ft40_seed4,c2,ptbxl,ft40,4,mean_rr_ms,q1,435,0.7310344827586207
c2_ptbxl_ft40_seed4,c2,ptbxl,ft40,4,mean_rr_ms,q2,435,0.774712643678161
c2_ptbxl_ft40_seed4,c2,ptbxl,ft40,4,mean_rr_ms,q3,435,0.7839080459770115
c2_ptbxl_ft40_seed4,c2,ptbxl,ft40,4,mean_rr_ms,q4,434,0.7603686635944701
c2_ptbxl_ft40_seed4,c2,ptbxl,ft40,4,sdnn_ms,q1,435,0.7333333333333333
c2_ptbxl_ft40_seed4,c2,ptbxl,ft40,4,sdnn_ms,q2,435,0.767816091954023
c2_ptbxl_ft40_seed4,c2,ptbxl,ft40,4,sdnn_ms,q3,434,0.7488479262672811
c2_ptbxl_ft40_seed4,c2,ptbxl,ft40,4,sdnn_ms,q4,435,0.8
seedext_b0_chapman_lp_seed1,b0,chapman,lp,1,mean_rr_ms,q1,512,0.896484375
seedext_b0_chapman_lp_seed1,b0,chapman,lp,1,mean_rr_ms,q2,512,0.947265625
seedext_b0_chapman_lp_seed1,b0,chapman,lp,1,mean_rr_ms,q3,511,0.974559686888454
seedext_b0_chapman_lp_seed1,b0,chapman,lp,1,mean_rr_ms,q4,512,0.94140625
seedext_b0_chapman_lp_seed1,b0,chapman,lp,1,sdnn_ms,q1,512,0.9140625
seedext_b0_chapman_lp_seed1,b0,chapman,lp,1,sdnn_ms,q2,512,0.92578125
seedext_b0_chapman_lp_seed1,b0,chapman,lp,1,sdnn_ms,q3,511,0.9471624266144814
seedext_b0_chapman_lp_seed1,b0,chapman,lp,1,sdnn_ms,q4,512,0.97265625
seedext_b0_chapman_lp_seed3,b0,chapman,lp,3,mean_rr_ms,q1,512,0.91796875
seedext_b0_chapman_lp_seed3,b0,chapman,lp,3,mean_rr_ms,q2,512,0.94140625
seedext_b0_chapman_lp_seed3,b0,chapman,lp,3,mean_rr_ms,q3,511,0.9628180039138943
seedext_b0_chapman_lp_seed3,b0,chapman,lp,3,mean_rr_ms,q4,512,0.9375
seedext_b0_chapman_lp_seed3,b0,chapman,lp,3,sdnn_ms,q1,512,0.923828125
seedext_b0_chapman_lp_seed3,b0,chapman,lp,3,sdnn_ms,q2,512,0.91796875
seedext_b0_chapman_lp_seed3,b0,chapman,lp,3,sdnn_ms,q3,511,0.9530332681017613
seedext_b0_chapman_lp_seed3,b0,chapman,lp,3,sdnn_ms,q4,512,0.96484375
seedext_b0_cpsc_lp_seed1,b0,cpsc,lp,1,mean_rr_ms,q1,347,0.7953890489913544
seedext_b0_cpsc_lp_seed1,b0,cpsc,lp,1,mean_rr_ms,q2,346,0.7369942196531792
seedext_b0_cpsc_lp_seed1,b0,cpsc,lp,1,mean_rr_ms,q3,346,0.7572254335260116
seedext_b0_cpsc_lp_seed1,b0,cpsc,lp,1,mean_rr_ms,q4,346,0.7572254335260116
seedext_b0_cpsc_lp_seed1,b0,cpsc,lp,1,sdnn_ms,q1,347,0.792507204610951
seedext_b0_cpsc_lp_seed1,b0,cpsc,lp,1,sdnn_ms,q2,346,0.7485549132947977
seedext_b0_cpsc_lp_seed1,b0,cpsc,lp,1,sdnn_ms,q3,346,0.7456647398843931
seedext_b0_cpsc_lp_seed1,b0,cpsc,lp,1,sdnn_ms,q4,346,0.7601156069364162
seedext_b0_cpsc_lp_seed3,b0,cpsc,lp,3,mean_rr_ms,q1,347,0.8011527377521613
seedext_b0_cpsc_lp_seed3,b0,cpsc,lp,3,mean_rr_ms,q2,346,0.7369942196531792
seedext_b0_cpsc_lp_seed3,b0,cpsc,lp,3,mean_rr_ms,q3,346,0.7716763005780347
seedext_b0_cpsc_lp_seed3,b0,cpsc,lp,3,mean_rr_ms,q4,346,0.7601156069364162
seedext_b0_cpsc_lp_seed3,b0,cpsc,lp,3,sdnn_ms,q1,347,0.7809798270893372
seedext_b0_cpsc_lp_seed3,b0,cpsc,lp,3,sdnn_ms,q2,346,0.7630057803468208
seedext_b0_cpsc_lp_seed3,b0,cpsc,lp,3,sdnn_ms,q3,346,0.7658959537572254
seedext_b0_cpsc_lp_seed3,b0,cpsc,lp,3,sdnn_ms,q4,346,0.7601156069364162
seedext_b0_ptbxl_lp_seed1,b0,ptbxl,lp,1,mean_rr_ms,q1,435,0.7540229885057471
seedext_b0_ptbxl_lp_seed1,b0,ptbxl,lp,1,mean_rr_ms,q2,435,0.7586206896551724
seedext_b0_ptbxl_lp_seed1,b0,ptbxl,lp,1,mean_rr_ms,q3,435,0.7655172413793103
seedext_b0_ptbxl_lp_seed1,b0,ptbxl,lp,1,mean_rr_ms,q4,434,0.7580645161290323
seedext_b0_ptbxl_lp_seed1,b0,ptbxl,lp,1,sdnn_ms,q1,435,0.7310344827586207
seedext_b0_ptbxl_lp_seed1,b0,ptbxl,lp,1,sdnn_ms,q2,435,0.767816091954023
seedext_b0_ptbxl_lp_seed1,b0,ptbxl,lp,1,sdnn_ms,q3,434,0.7672811059907834
seedext_b0_ptbxl_lp_seed1,b0,ptbxl,lp,1,sdnn_ms,q4,435,0.7701149425287356
seedext_b0_ptbxl_lp_seed3,b0,ptbxl,lp,3,mean_rr_ms,q1,435,0.7632183908045977
seedext_b0_ptbxl_lp_seed3,b0,ptbxl,lp,3,mean_rr_ms,q2,435,0.767816091954023
seedext_b0_ptbxl_lp_seed3,b0,ptbxl,lp,3,mean_rr_ms,q3,435,0.7655172413793103
seedext_b0_ptbxl_lp_seed3,b0,ptbxl,lp,3,mean_rr_ms,q4,434,0.7741935483870968
seedext_b0_ptbxl_lp_seed3,b0,ptbxl,lp,3,sdnn_ms,q1,435,0.735632183908046
seedext_b0_ptbxl_lp_seed3,b0,ptbxl,lp,3,sdnn_ms,q2,435,0.774712643678161
seedext_b0_ptbxl_lp_seed3,b0,ptbxl,lp,3,sdnn_ms,q3,434,0.7741935483870968
seedext_b0_ptbxl_lp_seed3,b0,ptbxl,lp,3,sdnn_ms,q4,435,0.7862068965517242
seedext_c1_chapman_lp_seed1,c1,chapman,lp,1,mean_rr_ms,q1,512,0.921875
seedext_c1_chapman_lp_seed1,c1,chapman,lp,1,mean_rr_ms,q2,512,0.96484375
seedext_c1_chapman_lp_seed1,c1,chapman,lp,1,mean_rr_ms,q3,511,0.9784735812133072
seedext_c1_chapman_lp_seed1,c1,chapman,lp,1,mean_rr_ms,q4,512,0.955078125
seedext_c1_chapman_lp_seed1,c1,chapman,lp,1,sdnn_ms,q1,512,0.94140625
seedext_c1_chapman_lp_seed1,c1,chapman,lp,1,sdnn_ms,q2,512,0.951171875
seedext_c1_chapman_lp_seed1,c1,chapman,lp,1,sdnn_ms,q3,511,0.9530332681017613
seedext_c1_chapman_lp_seed1,c1,chapman,lp,1,sdnn_ms,q4,512,0.974609375
seedext_c1_chapman_lp_seed3,c1,chapman,lp,3,mean_rr_ms,q1,512,0.9453125
seedext_c1_chapman_lp_seed3,c1,chapman,lp,3,mean_rr_ms,q2,512,0.962890625
seedext_c1_chapman_lp_seed3,c1,chapman,lp,3,mean_rr_ms,q3,511,0.9765166340508806
seedext_c1_chapman_lp_seed3,c1,chapman,lp,3,mean_rr_ms,q4,512,0.95703125
seedext_c1_chapman_lp_seed3,c1,chapman,lp,3,sdnn_ms,q1,512,0.947265625
seedext_c1_chapman_lp_seed3,c1,chapman,lp,3,sdnn_ms,q2,512,0.94921875
seedext_c1_chapman_lp_seed3,c1,chapman,lp,3,sdnn_ms,q3,511,0.9706457925636007
seedext_c1_chapman_lp_seed3,c1,chapman,lp,3,sdnn_ms,q4,512,0.974609375
seedext_c1_cpsc_lp_seed1,c1,cpsc,lp,1,mean_rr_ms,q1,347,0.8126801152737753
seedext_c1_cpsc_lp_seed1,c1,cpsc,lp,1,mean_rr_ms,q2,346,0.7312138728323699
seedext_c1_cpsc_lp_seed1,c1,cpsc,lp,1,mean_rr_ms,q3,346,0.7745664739884393
seedext_c1_cpsc_lp_seed1,c1,cpsc,lp,1,mean_rr_ms,q4,346,0.7341040462427746
seedext_c1_cpsc_lp_seed1,c1,cpsc,lp,1,sdnn_ms,q1,347,0.7694524495677233
seedext_c1_cpsc_lp_seed1,c1,cpsc,lp,1,sdnn_ms,q2,346,0.7456647398843931
seedext_c1_cpsc_lp_seed1,c1,cpsc,lp,1,sdnn_ms,q3,346,0.7774566473988439
seedext_c1_cpsc_lp_seed1,c1,cpsc,lp,1,sdnn_ms,q4,346,0.7601156069364162
seedext_c1_cpsc_lp_seed3,c1,cpsc,lp,3,mean_rr_ms,q1,347,0.8097982708933718
seedext_c1_cpsc_lp_seed3,c1,cpsc,lp,3,mean_rr_ms,q2,346,0.7369942196531792
seedext_c1_cpsc_lp_seed3,c1,cpsc,lp,3,mean_rr_ms,q3,346,0.791907514450867
seedext_c1_cpsc_lp_seed3,c1,cpsc,lp,3,mean_rr_ms,q4,346,0.7196531791907514
seedext_c1_cpsc_lp_seed3,c1,cpsc,lp,3,sdnn_ms,q1,347,0.7752161383285303
seedext_c1_cpsc_lp_seed3,c1,cpsc,lp,3,sdnn_ms,q2,346,0.7601156069364162
seedext_c1_cpsc_lp_seed3,c1,cpsc,lp,3,sdnn_ms,q3,346,0.7687861271676301
seedext_c1_cpsc_lp_seed3,c1,cpsc,lp,3,sdnn_ms,q4,346,0.7543352601156069
seedext_c1_ptbxl_lp_seed1,c1,ptbxl,lp,1,mean_rr_ms,q1,435,0.7402298850574712
seedext_c1_ptbxl_lp_seed1,c1,ptbxl,lp,1,mean_rr_ms,q2,435,0.7471264367816092
seedext_c1_ptbxl_lp_seed1,c1,ptbxl,lp,1,mean_rr_ms,q3,435,0.7517241379310344
seedext_c1_ptbxl_lp_seed1,c1,ptbxl,lp,1,mean_rr_ms,q4,434,0.7488479262672811
seedext_c1_ptbxl_lp_seed1,c1,ptbxl,lp,1,sdnn_ms,q1,435,0.7172413793103448
seedext_c1_ptbxl_lp_seed1,c1,ptbxl,lp,1,sdnn_ms,q2,435,0.7586206896551724
seedext_c1_ptbxl_lp_seed1,c1,ptbxl,lp,1,sdnn_ms,q3,434,0.7465437788018433
seedext_c1_ptbxl_lp_seed1,c1,ptbxl,lp,1,sdnn_ms,q4,435,0.7655172413793103
seedext_c1_ptbxl_lp_seed3,c1,ptbxl,lp,3,mean_rr_ms,q1,435,0.7264367816091954
seedext_c1_ptbxl_lp_seed3,c1,ptbxl,lp,3,mean_rr_ms,q2,435,0.7494252873563219
seedext_c1_ptbxl_lp_seed3,c1,ptbxl,lp,3,mean_rr_ms,q3,435,0.7655172413793103
seedext_c1_ptbxl_lp_seed3,c1,ptbxl,lp,3,mean_rr_ms,q4,434,0.7511520737327189
seedext_c1_ptbxl_lp_seed3,c1,ptbxl,lp,3,sdnn_ms,q1,435,0.7126436781609196
seedext_c1_ptbxl_lp_seed3,c1,ptbxl,lp,3,sdnn_ms,q2,435,0.7563218390804598
seedext_c1_ptbxl_lp_seed3,c1,ptbxl,lp,3,sdnn_ms,q3,434,0.7580645161290323
seedext_c1_ptbxl_lp_seed3,c1,ptbxl,lp,3,sdnn_ms,q4,435,0.7655172413793103
seedext_c2_chapman_lp_seed1,c2,chapman,lp,1,mean_rr_ms,q1,512,0.9296875
seedext_c2_chapman_lp_seed1,c2,chapman,lp,1,mean_rr_ms,q2,512,0.970703125
seedext_c2_chapman_lp_seed1,c2,chapman,lp,1,mean_rr_ms,q3,511,0.9804305283757339
seedext_c2_chapman_lp_seed1,c2,chapman,lp,1,mean_rr_ms,q4,512,0.955078125
seedext_c2_chapman_lp_seed1,c2,chapman,lp,1,sdnn_ms,q1,512,0.94140625
seedext_c2_chapman_lp_seed1,c2,chapman,lp,1,sdnn_ms,q2,512,0.955078125
seedext_c2_chapman_lp_seed1,c2,chapman,lp,1,sdnn_ms,q3,511,0.9647749510763209
seedext_c2_chapman_lp_seed1,c2,chapman,lp,1,sdnn_ms,q4,512,0.974609375
seedext_c2_chapman_lp_seed3,c2,chapman,lp,3,mean_rr_ms,q1,512,0.931640625
seedext_c2_chapman_lp_seed3,c2,chapman,lp,3,mean_rr_ms,q2,512,0.96875
seedext_c2_chapman_lp_seed3,c2,chapman,lp,3,mean_rr_ms,q3,511,0.9784735812133072
seedext_c2_chapman_lp_seed3,c2,chapman,lp,3,mean_rr_ms,q4,512,0.95703125
seedext_c2_chapman_lp_seed3,c2,chapman,lp,3,sdnn_ms,q1,512,0.9453125
seedext_c2_chapman_lp_seed3,c2,chapman,lp,3,sdnn_ms,q2,512,0.947265625
seedext_c2_chapman_lp_seed3,c2,chapman,lp,3,sdnn_ms,q3,511,0.9647749510763209
seedext_c2_chapman_lp_seed3,c2,chapman,lp,3,sdnn_ms,q4,512,0.978515625
seedext_c2_cpsc_lp_seed1,c2,cpsc,lp,1,mean_rr_ms,q1,347,0.8011527377521613
seedext_c2_cpsc_lp_seed1,c2,cpsc,lp,1,mean_rr_ms,q2,346,0.7283236994219653
seedext_c2_cpsc_lp_seed1,c2,cpsc,lp,1,mean_rr_ms,q3,346,0.7687861271676301
seedext_c2_cpsc_lp_seed1,c2,cpsc,lp,1,mean_rr_ms,q4,346,0.7427745664739884
seedext_c2_cpsc_lp_seed1,c2,cpsc,lp,1,sdnn_ms,q1,347,0.7838616714697406
seedext_c2_cpsc_lp_seed1,c2,cpsc,lp,1,sdnn_ms,q2,346,0.7427745664739884
seedext_c2_cpsc_lp_seed1,c2,cpsc,lp,1,sdnn_ms,q3,346,0.7456647398843931
seedext_c2_cpsc_lp_seed1,c2,cpsc,lp,1,sdnn_ms,q4,346,0.7687861271676301
seedext_c2_cpsc_lp_seed3,c2,cpsc,lp,3,mean_rr_ms,q1,347,0.8155619596541787
seedext_c2_cpsc_lp_seed3,c2,cpsc,lp,3,mean_rr_ms,q2,346,0.7427745664739884
seedext_c2_cpsc_lp_seed3,c2,cpsc,lp,3,mean_rr_ms,q3,346,0.7861271676300579
seedext_c2_cpsc_lp_seed3,c2,cpsc,lp,3,mean_rr_ms,q4,346,0.7485549132947977
seedext_c2_cpsc_lp_seed3,c2,cpsc,lp,3,sdnn_ms,q1,347,0.7896253602305475
seedext_c2_cpsc_lp_seed3,c2,cpsc,lp,3,sdnn_ms,q2,346,0.7630057803468208
seedext_c2_cpsc_lp_seed3,c2,cpsc,lp,3,sdnn_ms,q3,346,0.7658959537572254
seedext_c2_cpsc_lp_seed3,c2,cpsc,lp,3,sdnn_ms,q4,346,0.7745664739884393
seedext_c2_ptbxl_lp_seed1,c2,ptbxl,lp,1,mean_rr_ms,q1,435,0.7333333333333333
seedext_c2_ptbxl_lp_seed1,c2,ptbxl,lp,1,mean_rr_ms,q2,435,0.7172413793103448
seedext_c2_ptbxl_lp_seed1,c2,ptbxl,lp,1,mean_rr_ms,q3,435,0.7540229885057471
seedext_c2_ptbxl_lp_seed1,c2,ptbxl,lp,1,mean_rr_ms,q4,434,0.7580645161290323
seedext_c2_ptbxl_lp_seed1,c2,ptbxl,lp,1,sdnn_ms,q1,435,0.6942528735632184
seedext_c2_ptbxl_lp_seed1,c2,ptbxl,lp,1,sdnn_ms,q2,435,0.7563218390804598
seedext_c2_ptbxl_lp_seed1,c2,ptbxl,lp,1,sdnn_ms,q3,434,0.7419354838709677
seedext_c2_ptbxl_lp_seed1,c2,ptbxl,lp,1,sdnn_ms,q4,435,0.7701149425287356
seedext_c2_ptbxl_lp_seed3,c2,ptbxl,lp,3,mean_rr_ms,q1,435,0.7333333333333333
seedext_c2_ptbxl_lp_seed3,c2,ptbxl,lp,3,mean_rr_ms,q2,435,0.7517241379310344
seedext_c2_ptbxl_lp_seed3,c2,ptbxl,lp,3,mean_rr_ms,q3,435,0.7563218390804598
seedext_c2_ptbxl_lp_seed3,c2,ptbxl,lp,3,mean_rr_ms,q4,434,0.7396313364055299
seedext_c2_ptbxl_lp_seed3,c2,ptbxl,lp,3,sdnn_ms,q1,435,0.7103448275862069
seedext_c2_ptbxl_lp_seed3,c2,ptbxl,lp,3,sdnn_ms,q2,435,0.7471264367816092
seedext_c2_ptbxl_lp_seed3,c2,ptbxl,lp,3,sdnn_ms,q3,434,0.7534562211981567
seedext_c2_ptbxl_lp_seed3,c2,ptbxl,lp,3,sdnn_ms,q4,435,0.7701149425287356
b0_cpsc_seed0,b0,cpsc,lp_w5,0,mean_rr_ms,q1,347,0.8126801152737753
b0_cpsc_seed0,b0,cpsc,lp_w5,0,mean_rr_ms,q2,346,0.7283236994219653
b0_cpsc_seed0,b0,cpsc,lp_w5,0,mean_rr_ms,q3,346,0.7543352601156069
b0_cpsc_seed0,b0,cpsc,lp_w5,0,mean_rr_ms,q4,346,0.7716763005780347
b0_cpsc_seed0,b0,cpsc,lp_w5,0,sdnn_ms,q1,347,0.8011527377521613
b0_cpsc_seed0,b0,cpsc,lp_w5,0,sdnn_ms,q2,346,0.7456647398843931
b0_cpsc_seed0,b0,cpsc,lp_w5,0,sdnn_ms,q3,346,0.7601156069364162
b0_cpsc_seed0,b0,cpsc,lp_w5,0,sdnn_ms,q4,346,0.7601156069364162
b0_cpsc_seed2,b0,cpsc,lp_w5,2,mean_rr_ms,q1,347,0.7838616714697406
b0_cpsc_seed2,b0,cpsc,lp_w5,2,mean_rr_ms,q2,346,0.7312138728323699
b0_cpsc_seed2,b0,cpsc,lp_w5,2,mean_rr_ms,q3,346,0.7687861271676301
b0_cpsc_seed2,b0,cpsc,lp_w5,2,mean_rr_ms,q4,346,0.7456647398843931
b0_cpsc_seed2,b0,cpsc,lp_w5,2,sdnn_ms,q1,347,0.7867435158501441
b0_cpsc_seed2,b0,cpsc,lp_w5,2,sdnn_ms,q2,346,0.7658959537572254
b0_cpsc_seed2,b0,cpsc,lp_w5,2,sdnn_ms,q3,346,0.7398843930635838
b0_cpsc_seed2,b0,cpsc,lp_w5,2,sdnn_ms,q4,346,0.7369942196531792
b0_cpsc_seed4,b0,cpsc,lp_w5,4,mean_rr_ms,q1,347,0.7982708933717579
b0_cpsc_seed4,b0,cpsc,lp_w5,4,mean_rr_ms,q2,346,0.7254335260115607
b0_cpsc_seed4,b0,cpsc,lp_w5,4,mean_rr_ms,q3,346,0.7543352601156069
b0_cpsc_seed4,b0,cpsc,lp_w5,4,mean_rr_ms,q4,346,0.7630057803468208
b0_cpsc_seed4,b0,cpsc,lp_w5,4,sdnn_ms,q1,347,0.7838616714697406
b0_cpsc_seed4,b0,cpsc,lp_w5,4,sdnn_ms,q2,346,0.7572254335260116
b0_cpsc_seed4,b0,cpsc,lp_w5,4,sdnn_ms,q3,346,0.7398843930635838
b0_cpsc_seed4,b0,cpsc,lp_w5,4,sdnn_ms,q4,346,0.7601156069364162
c1_cpsc_seed0,c1,cpsc,lp_w5,0,mean_rr_ms,q1,347,0.8069164265129684
c1_cpsc_seed0,c1,cpsc,lp_w5,0,mean_rr_ms,q2,346,0.7196531791907514
c1_cpsc_seed0,c1,cpsc,lp_w5,0,mean_rr_ms,q3,346,0.791907514450867
c1_cpsc_seed0,c1,cpsc,lp_w5,0,mean_rr_ms,q4,346,0.7514450867052023
c1_cpsc_seed0,c1,cpsc,lp_w5,0,sdnn_ms,q1,347,0.7723342939481268
c1_cpsc_seed0,c1,cpsc,lp_w5,0,sdnn_ms,q2,346,0.7745664739884393
c1_cpsc_seed0,c1,cpsc,lp_w5,0,sdnn_ms,q3,346,0.7630057803468208
c1_cpsc_seed0,c1,cpsc,lp_w5,0,sdnn_ms,q4,346,0.7601156069364162
c1_cpsc_seed2,c1,cpsc,lp_w5,2,mean_rr_ms,q1,347,0.7982708933717579
c1_cpsc_seed2,c1,cpsc,lp_w5,2,mean_rr_ms,q2,346,0.7427745664739884
c1_cpsc_seed2,c1,cpsc,lp_w5,2,mean_rr_ms,q3,346,0.7861271676300579
c1_cpsc_seed2,c1,cpsc,lp_w5,2,mean_rr_ms,q4,346,0.7283236994219653
c1_cpsc_seed2,c1,cpsc,lp_w5,2,sdnn_ms,q1,347,0.7694524495677233
c1_cpsc_seed2,c1,cpsc,lp_w5,2,sdnn_ms,q2,346,0.7601156069364162
c1_cpsc_seed2,c1,cpsc,lp_w5,2,sdnn_ms,q3,346,0.7601156069364162
c1_cpsc_seed2,c1,cpsc,lp_w5,2,sdnn_ms,q4,346,0.7658959537572254
c1_cpsc_seed4,c1,cpsc,lp_w5,4,mean_rr_ms,q1,347,0.8069164265129684
c1_cpsc_seed4,c1,cpsc,lp_w5,4,mean_rr_ms,q2,346,0.7456647398843931
c1_cpsc_seed4,c1,cpsc,lp_w5,4,mean_rr_ms,q3,346,0.7832369942196532
c1_cpsc_seed4,c1,cpsc,lp_w5,4,mean_rr_ms,q4,346,0.7485549132947977
c1_cpsc_seed4,c1,cpsc,lp_w5,4,sdnn_ms,q1,347,0.7896253602305475
c1_cpsc_seed4,c1,cpsc,lp_w5,4,sdnn_ms,q2,346,0.7687861271676301
c1_cpsc_seed4,c1,cpsc,lp_w5,4,sdnn_ms,q3,346,0.7485549132947977
c1_cpsc_seed4,c1,cpsc,lp_w5,4,sdnn_ms,q4,346,0.7774566473988439
c2_cpsc_seed0,c2,cpsc,lp_w5,0,mean_rr_ms,q1,347,0.8069164265129684
c2_cpsc_seed0,c2,cpsc,lp_w5,0,mean_rr_ms,q2,346,0.7485549132947977
c2_cpsc_seed0,c2,cpsc,lp_w5,0,mean_rr_ms,q3,346,0.7947976878612717
c2_cpsc_seed0,c2,cpsc,lp_w5,0,mean_rr_ms,q4,346,0.7543352601156069
c2_cpsc_seed0,c2,cpsc,lp_w5,0,sdnn_ms,q1,347,0.7896253602305475
c2_cpsc_seed0,c2,cpsc,lp_w5,0,sdnn_ms,q2,346,0.7716763005780347
c2_cpsc_seed0,c2,cpsc,lp_w5,0,sdnn_ms,q3,346,0.7658959537572254
c2_cpsc_seed0,c2,cpsc,lp_w5,0,sdnn_ms,q4,346,0.7774566473988439
c2_cpsc_seed2,c2,cpsc,lp_w5,2,mean_rr_ms,q1,347,0.8184438040345822
c2_cpsc_seed2,c2,cpsc,lp_w5,2,mean_rr_ms,q2,346,0.7398843930635838
c2_cpsc_seed2,c2,cpsc,lp_w5,2,mean_rr_ms,q3,346,0.7832369942196532
c2_cpsc_seed2,c2,cpsc,lp_w5,2,mean_rr_ms,q4,346,0.7543352601156069
c2_cpsc_seed2,c2,cpsc,lp_w5,2,sdnn_ms,q1,347,0.7780979827089337
c2_cpsc_seed2,c2,cpsc,lp_w5,2,sdnn_ms,q2,346,0.7630057803468208
c2_cpsc_seed2,c2,cpsc,lp_w5,2,sdnn_ms,q3,346,0.7658959537572254
c2_cpsc_seed2,c2,cpsc,lp_w5,2,sdnn_ms,q4,346,0.7890173410404624
c2_cpsc_seed4,c2,cpsc,lp_w5,4,mean_rr_ms,q1,347,0.7953890489913544
c2_cpsc_seed4,c2,cpsc,lp_w5,4,mean_rr_ms,q2,346,0.7543352601156069
c2_cpsc_seed4,c2,cpsc,lp_w5,4,mean_rr_ms,q3,346,0.7803468208092486
c2_cpsc_seed4,c2,cpsc,lp_w5,4,mean_rr_ms,q4,346,0.7601156069364162
c2_cpsc_seed4,c2,cpsc,lp_w5,4,sdnn_ms,q1,347,0.7953890489913544
c2_cpsc_seed4,c2,cpsc,lp_w5,4,sdnn_ms,q2,346,0.7687861271676301
c2_cpsc_seed4,c2,cpsc,lp_w5,4,sdnn_ms,q3,346,0.7485549132947977
c2_cpsc_seed4,c2,cpsc,lp_w5,4,sdnn_ms,q4,346,0.7774566473988439
