ts,ckpt,seed,eval,downstream,cond,auroc,auprc,git_sha,checkpoint_sha256,protocol_id
2026-10-07 17:30,c1na,0,lp,ptbxl,clean,0.8883,0.6557,bba319d,6340027da3f3cc50b3abbf04ab45cbb9d871353263ef3976412563e4ecd6ad0e,w7-e5
2026-10-07 17:31,c1na,0,lp,cpsc,clean,0.9445,0.7556,bba319d,6340027da3f3cc50b3abbf04ab45cbb9d871353263ef3976412563e4ecd6ad0e,w7-e5
2026-10-07 17:31,c1na,0,lp,chapman,clean,0.9958,0.9868,bba319d,6340027da3f3cc50b3abbf04ab45cbb9d871353263ef3976412563e4ecd6ad0e,w7-e5
2026-10-07 17:45,c1na,0,lpnoise,ptbxl,bw@0,0.8751,0.6418,e724c64,6340027da3f3cc50b3abbf04ab45cbb9d871353263ef3976412563e4ecd6ad0e,w7-e5
2026-10-07 17:45,c1na,0,lpnoise,ptbxl,bw@5,0.8698,0.6382,e724c64,6340027da3f3cc50b3abbf04ab45cbb9d871353263ef3976412563e4ecd6ad0e,w7-e5
2026-10-07 17:45,c1na,0,lpnoise,ptbxl,bw@10,0.8767,0.6517,e724c64,6340027da3f3cc50b3abbf04ab45cbb9d871353263ef3976412563e4ecd6ad0e,w7-e5
2026-10-07 17:45,c1na,0,lpnoise,ptbxl,ma@0,0.8605,0.6191,e724c64,6340027da3f3cc50b3abbf04ab45cbb9d871353263ef3976412563e4ecd6ad0e,w7-e5
2026-10-07 17:45,c1na,0,lpnoise,ptbxl,ma@5,0.8781,0.6427,e724c64,6340027da3f3cc50b3abbf04ab45cbb9d871353263ef3976412563e4ecd6ad0e,w7-e5
2026-10-07 17:46,c1na,0,lpnoise,ptbxl,ma@10,0.8808,0.6517,e724c64,6340027da3f3cc50b3abbf04ab45cbb9d871353263ef3976412563e4ecd6ad0e,w7-e5
2026-10-07 17:46,c1na,0,lpnoise,ptbxl,em@0,0.8411,0.5680,e724c64,6340027da3f3cc50b3abbf04ab45cbb9d871353263ef3976412563e4ecd6ad0e,w7-e5
2026-10-07 17:46,c1na,0,lpnoise,ptbxl,em@5,0.8669,0.6251,e724c64,6340027da3f3cc50b3abbf04ab45cbb9d871353263ef3976412563e4ecd6ad0e,w7-e5
2026-10-07 17:46,c1na,0,lpnoise,ptbxl,em@10,0.8816,0.6493,e724c64,6340027da3f3cc50b3abbf04ab45cbb9d871353263ef3976412563e4ecd6ad0e,w7-e5
2026-10-07 17:46,c1na,0,lpnoise,cpsc,bw@0,0.9411,0.7335,e724c64,6340027da3f3cc50b3abbf04ab45cbb9d871353263ef3976412563e4ecd6ad0e,w7-e5
2026-10-07 17:46,c1na,0,lpnoise,cpsc,bw@5,0.9456,0.7468,e724c64,6340027da3f3cc50b3abbf04ab45cbb9d871353263ef3976412563e4ecd6ad0e,w7-e5
2026-10-07 17:46,c1na,0,lpnoise,cpsc,bw@10,0.9459,0.7491,e724c64,6340027da3f3cc50b3abbf04ab45cbb9d871353263ef3976412563e4ecd6ad0e,w7-e5
2026-10-07 17:46,c1na,0,lpnoise,cpsc,ma@0,0.9322,0.7042,e724c64,6340027da3f3cc50b3abbf04ab45cbb9d871353263ef3976412563e4ecd6ad0e,w7-e5
2026-10-07 17:46,c1na,0,lpnoise,cpsc,ma@5,0.9390,0.7309,e724c64,6340027da3f3cc50b3abbf04ab45cbb9d871353263ef3976412563e4ecd6ad0e,w7-e5
2026-10-07 17:46,c1na,0,lpnoise,cpsc,ma@10,0.9439,0.7487,e724c64,6340027da3f3cc50b3abbf04ab45cbb9d871353263ef3976412563e4ecd6ad0e,w7-e5
2026-10-07 17:46,c1na,0,lpnoise,cpsc,em@0,0.9197,0.6712,e724c64,6340027da3f3cc50b3abbf04ab45cbb9d871353263ef3976412563e4ecd6ad0e,w7-e5
2026-10-07 17:46,c1na,0,lpnoise,cpsc,em@5,0.9351,0.7138,e724c64,6340027da3f3cc50b3abbf04ab45cbb9d871353263ef3976412563e4ecd6ad0e,w7-e5
2026-10-07 17:46,c1na,0,lpnoise,cpsc,em@10,0.9422,0.7398,e724c64,6340027da3f3cc50b3abbf04ab45cbb9d871353263ef3976412563e4ecd6ad0e,w7-e5
2026-10-07 17:46,c1na,0,lpnoise,chapman,bw@0,0.9948,0.9836,e724c64,6340027da3f3cc50b3abbf04ab45cbb9d871353263ef3976412563e4ecd6ad0e,w7-e5
2026-10-07 17:46,c1na,0,lpnoise,chapman,bw@5,0.9957,0.9861,e724c64,6340027da3f3cc50b3abbf04ab45cbb9d871353263ef3976412563e4ecd6ad0e,w7-e5
2026-10-07 17:46,c1na,0,lpnoise,chapman,bw@10,0.9958,0.9867,e724c64,6340027da3f3cc50b3abbf04ab45cbb9d871353263ef3976412563e4ecd6ad0e,w7-e5
2026-10-07 17:46,c1na,0,lpnoise,chapman,ma@0,0.9918,0.9756,e724c64,6340027da3f3cc50b3abbf04ab45cbb9d871353263ef3976412563e4ecd6ad0e,w7-e5
2026-10-07 17:46,c1na,0,lpnoise,chapman,ma@5,0.9948,0.9841,e724c64,6340027da3f3cc50b3abbf04ab45cbb9d871353263ef3976412563e4ecd6ad0e,w7-e5
2026-10-07 17:46,c1na,0,lpnoise,chapman,ma@10,0.9954,0.9857,e724c64,6340027da3f3cc50b3abbf04ab45cbb9d871353263ef3976412563e4ecd6ad0e,w7-e5
2026-10-07 17:46,c1na,0,lpnoise,chapman,em@0,0.9847,0.9564,e724c64,6340027da3f3cc50b3abbf04ab45cbb9d871353263ef3976412563e4ecd6ad0e,w7-e5
2026-10-07 17:46,c1na,0,lpnoise,chapman,em@5,0.9931,0.9796,e724c64,6340027da3f3cc50b3abbf04ab45cbb9d871353263ef3976412563e4ecd6ad0e,w7-e5
2026-10-07 17:46,c1na,0,lpnoise,chapman,em@10,0.9948,0.9841,e724c64,6340027da3f3cc50b3abbf04ab45cbb9d871353263ef3976412563e4ecd6ad0e,w7-e5
2026-10-07 22:58,c1na,2,lp,ptbxl,clean,0.8889,0.6530,f84cf29,db5e4acd9caa2be9e181c8f345646eb15b31587a0cd7b3d15a2dc1761c4c3d0e,w7-e5
2026-10-07 22:59,c1na,2,lp,cpsc,clean,0.9483,0.7631,f84cf29,db5e4acd9caa2be9e181c8f345646eb15b31587a0cd7b3d15a2dc1761c4c3d0e,w7-e5
2026-10-07 23:00,c1na,2,lp,chapman,clean,0.9958,0.9872,f84cf29,db5e4acd9caa2be9e181c8f345646eb15b31587a0cd7b3d15a2dc1761c4c3d0e,w7-e5
2026-10-07 23:00,c1na,2,lpnoise,ptbxl,bw@0,0.8743,0.6368,f84cf29,db5e4acd9caa2be9e181c8f345646eb15b31587a0cd7b3d15a2dc1761c4c3d0e,w7-e5
2026-10-07 23:00,c1na,2,lpnoise,ptbxl,bw@5,0.8737,0.6411,f84cf29,db5e4acd9caa2be9e181c8f345646eb15b31587a0cd7b3d15a2dc1761c4c3d0e,w7-e5
2026-10-07 23:00,c1na,2,lpnoise,ptbxl,bw@10,0.8790,0.6516,f84cf29,db5e4acd9caa2be9e181c8f345646eb15b31587a0cd7b3d15a2dc1761c4c3d0e,w7-e5
2026-10-07 23:00,c1na,2,lpnoise,ptbxl,ma@0,0.8525,0.5966,f84cf29,db5e4acd9caa2be9e181c8f345646eb15b31587a0cd7b3d15a2dc1761c4c3d0e,w7-e5
2026-10-07 23:00,c1na,2,lpnoise,ptbxl,ma@5,0.8763,0.6353,f84cf29,db5e4acd9caa2be9e181c8f345646eb15b31587a0cd7b3d15a2dc1761c4c3d0e,w7-e5
2026-10-07 23:00,c1na,2,lpnoise,ptbxl,ma@10,0.8836,0.6510,f84cf29,db5e4acd9caa2be9e181c8f345646eb15b31587a0cd7b3d15a2dc1761c4c3d0e,w7-e5
2026-10-07 23:00,c1na,2,lpnoise,ptbxl,em@0,0.8434,0.5765,f84cf29,db5e4acd9caa2be9e181c8f345646eb15b31587a0cd7b3d15a2dc1761c4c3d0e,w7-e5
2026-10-07 23:00,c1na,2,lpnoise,ptbxl,em@5,0.8674,0.6288,f84cf29,db5e4acd9caa2be9e181c8f345646eb15b31587a0cd7b3d15a2dc1761c4c3d0e,w7-e5
2026-10-07 23:00,c1na,2,lpnoise,ptbxl,em@10,0.8807,0.6475,f84cf29,db5e4acd9caa2be9e181c8f345646eb15b31587a0cd7b3d15a2dc1761c4c3d0e,w7-e5
2026-10-07 23:00,c1na,2,lpnoise,cpsc,bw@0,0.9419,0.7369,f84cf29,db5e4acd9caa2be9e181c8f345646eb15b31587a0cd7b3d15a2dc1761c4c3d0e,w7-e5
2026-10-07 23:00,c1na,2,lpnoise,cpsc,bw@5,0.9474,0.7521,f84cf29,db5e4acd9caa2be9e181c8f345646eb15b31587a0cd7b3d15a2dc1761c4c3d0e,w7-e5
2026-10-07 23:00,c1na,2,lpnoise,cpsc,bw@10,0.9482,0.7543,f84cf29,db5e4acd9caa2be9e181c8f345646eb15b31587a0cd7b3d15a2dc1761c4c3d0e,w7-e5
2026-10-07 23:00,c1na,2,lpnoise,cpsc,ma@0,0.9349,0.7145,f84cf29,db5e4acd9caa2be9e181c8f345646eb15b31587a0cd7b3d15a2dc1761c4c3d0e,w7-e5
2026-10-07 23:00,c1na,2,lpnoise,cpsc,ma@5,0.9423,0.7349,f84cf29,db5e4acd9caa2be9e181c8f345646eb15b31587a0cd7b3d15a2dc1761c4c3d0e,w7-e5
2026-10-07 23:00,c1na,2,lpnoise,cpsc,ma@10,0.9480,0.7582,f84cf29,db5e4acd9caa2be9e181c8f345646eb15b31587a0cd7b3d15a2dc1761c4c3d0e,w7-e5
2026-10-07 23:00,c1na,2,lpnoise,cpsc,em@0,0.9231,0.6711,f84cf29,db5e4acd9caa2be9e181c8f345646eb15b31587a0cd7b3d15a2dc1761c4c3d0e,w7-e5
2026-10-07 23:00,c1na,2,lpnoise,cpsc,em@5,0.9385,0.7231,f84cf29,db5e4acd9caa2be9e181c8f345646eb15b31587a0cd7b3d15a2dc1761c4c3d0e,w7-e5
2026-10-07 23:00,c1na,2,lpnoise,cpsc,em@10,0.9458,0.7481,f84cf29,db5e4acd9caa2be9e181c8f345646eb15b31587a0cd7b3d15a2dc1761c4c3d0e,w7-e5
2026-10-07 23:00,c1na,2,lpnoise,chapman,bw@0,0.9945,0.9833,f84cf29,db5e4acd9caa2be9e181c8f345646eb15b31587a0cd7b3d15a2dc1761c4c3d0e,w7-e5
2026-10-07 23:00,c1na,2,lpnoise,chapman,bw@5,0.9954,0.9860,f84cf29,db5e4acd9caa2be9e181c8f345646eb15b31587a0cd7b3d15a2dc1761c4c3d0e,w7-e5
2026-10-07 23:00,c1na,2,lpnoise,chapman,bw@10,0.9958,0.9872,f84cf29,db5e4acd9caa2be9e181c8f345646eb15b31587a0cd7b3d15a2dc1761c4c3d0e,w7-e5
2026-10-07 23:00,c1na,2,lpnoise,chapman,ma@0,0.9910,0.9736,f84cf29,db5e4acd9caa2be9e181c8f345646eb15b31587a0cd7b3d15a2dc1761c4c3d0e,w7-e5
2026-10-07 23:00,c1na,2,lpnoise,chapman,ma@5,0.9942,0.9828,f84cf29,db5e4acd9caa2be9e181c8f345646eb15b31587a0cd7b3d15a2dc1761c4c3d0e,w7-e5
2026-10-07 23:00,c1na,2,lpnoise,chapman,ma@10,0.9951,0.9851,f84cf29,db5e4acd9caa2be9e181c8f345646eb15b31587a0cd7b3d15a2dc1761c4c3d0e,w7-e5
2026-10-07 23:00,c1na,2,lpnoise,chapman,em@0,0.9837,0.9548,f84cf29,db5e4acd9caa2be9e181c8f345646eb15b31587a0cd7b3d15a2dc1761c4c3d0e,w7-e5
2026-10-07 23:00,c1na,2,lpnoise,chapman,em@5,0.9934,0.9806,f84cf29,db5e4acd9caa2be9e181c8f345646eb15b31587a0cd7b3d15a2dc1761c4c3d0e,w7-e5
2026-10-07 23:00,c1na,2,lpnoise,chapman,em@10,0.9948,0.9843,f84cf29,db5e4acd9caa2be9e181c8f345646eb15b31587a0cd7b3d15a2dc1761c4c3d0e,w7-e5
