eval,downstream,pair,d_s0,d_s2,d_s4,mean_pt,sign,all_same_direction,perm_p_1sided_exact,ci95_seed_level_t,n_seeds,source_file,source_git_sha,metric
lp,chapman,C2-C1,-0.02,+0.00,-0.07,-0.03,-0-,no,1.000,"[-0.12,+0.06]",3,runlog/W2/confirm_results.csv;runlog/W1/c3_evals.csv,edd9aec,auroc
lp,ptbxl,C2-C1,-0.10,+1.06,-0.34,+0.21,-+-,no,0.500,"[-1.65,+2.07]",3,runlog/W2/confirm_results.csv;runlog/W1/c3_evals.csv,edd9aec,auroc
ft10,ptbxl,C2-C1,+0.19,+1.38,+0.39,+0.65,+++,yes,0.125,"[-0.93,+2.24]",3,runlog/W2/confirm_results.csv;runlog/W1/c3_evals.csv,edd9aec,auroc
lp,ptbxl,C1-B0,-6.03,-7.32,-4.24,-5.86,---,yes,1.000,"[-9.71,-2.02]",3,runlog/W2/confirm_results.csv;runlog/W1/c3_evals.csv,edd9aec,auroc
ft10,ptbxl,C1-B0,-0.92,-2.28,-1.89,-1.70,---,yes,1.000,"[-3.44,+0.04]",3,runlog/W2/confirm_results.csv;runlog/W1/c3_evals.csv,edd9aec,auroc
lp,cpsc,C2-C1,+0.00,+0.15,+0.17,+0.11,0++,no,0.250,"[-0.12,+0.34]",3,runlog/W5/lp_results.csv,32ec160,auroc
lp,cpsc,C2-C1,+0.70,+0.59,+1.20,+0.83,+++,yes,0.125,"[+0.02,+1.64]",3,runlog/W5/lp_results.csv,32ec160,auprc
lp,cpsc,C2-B0,-0.51,-0.33,-0.14,-0.33,---,yes,1.000,"[-0.79,+0.13]",3,runlog/W5/lp_results.csv,32ec160,auroc
lp,cpsc,C2-B0,-1.16,-0.66,+0.35,-0.49,--+,no,0.875,"[-2.40,+1.42]",3,runlog/W5/lp_results.csv,32ec160,auprc
lp,cpsc,C1-SIMCLR,+2.91,+3.11,+3.38,+3.13,+++,yes,0.125,"[+2.55,+3.72]",3,runlog/W5/lp_results.csv,32ec160,auroc
lp,cpsc,C1-SIMCLR,+8.61,+10.20,+9.66,+9.49,+++,yes,0.125,"[+7.48,+11.50]",3,runlog/W5/lp_results.csv,32ec160,auprc
lp,cpsc,C1-CLOCS,+0.54,+0.32,+0.48,+0.45,+++,yes,0.125,"[+0.16,+0.73]",3,runlog/W5/lp_results.csv,32ec160,auroc
lp,cpsc,C1-CLOCS,+1.77,+1.15,+0.82,+1.25,+++,yes,0.125,"[+0.05,+2.44]",3,runlog/W5/lp_results.csv,32ec160,auprc
