family,probe,host,seeds,auprc,delta_pt_vs_local_b0,closure_reason,source_file,source_git_sha
目标矩阵,d1l_05_02,A,s0,0.7117,-0.60,D1L 旧实现关闭,runlog/M/matrix_results.csv,3e58eb1
目标矩阵,d1l_neg,A,s0,0.7081,-0.96,负对照符合预期,runlog/M/matrix_results.csv,3e58eb1
超参,b0_gamma07,A,s0,0.7136,-0.41,gamma=0.8 不改,runlog/M/matrix_results.csv,3e58eb1
超参,b0_gamma09,A,s0,0.7111,-0.66,gamma=0.8 不改,runlog/M/matrix_results.csv,3e58eb1
超参,b0_lambd003,A,s0,0.7086,-0.91,lambda=0.0051 不改,runlog/M/matrix_results.csv,3e58eb1
超参,b0_lambd01,A,s0,0.7109,-0.68,lambda=0.0051 不改,runlog/M/matrix_results.csv,3e58eb1
增强,aug_crop_strong,A,s0,0.7107,-0.70,强裁剪关闭,runlog/M/matrix_results.csv,3e58eb1
增强,aug_crop_weak,A,s0,0.7204,+0.27,seed0 微正，未通过确认,runlog/M/matrix_results.csv,3e58eb1
增强,aug_crop_weak,A,s2,0.7100,-0.77,3-seed 门拦截,runlog/M/matrix_results.csv,3e58eb1
增强,aug_crop_weak,A,s4,0.7123,-0.54,裁剪轴关闭,runlog/M/matrix_results.csv,3e58eb1
增强,aug_crop_080,A,s0,0.7165,-0.12,无稳定收益,runlog/M/matrix_results.csv,3e58eb1
增强,aug_crop_090,A,s0,0.7081,-0.96,无稳定收益,runlog/M/matrix_results.csv,3e58eb1
增强,aug_crop_085,A,s0,0.7148,-0.29,无稳定收益,runlog/M/matrix_results.csv,3e58eb1
增强,aug_mask_weak,A,s0,0.7117,-0.60,遮挡弱化关闭,runlog/M/matrix_results.csv,3e58eb1
重建,d7_rec003,A,s0,0.7158,-0.19,当前 D7 权重关闭,runlog/M/matrix_results.csv,3e58eb1
重建,d7_rec01,A,s0,0.7064,-1.13,当前 D7 权重关闭,runlog/M/matrix_results.csv,3e58eb1
共享视图,common_view01,A,s0,0.7028,-1.49,共模视图关闭,runlog/M/matrix_results.csv,3e58eb1
结构先验,psfull_arb3,A,s0,0.7075,-1.02,结构复合关闭,runlog/M/matrix_results.csv,3e58eb1
融合基线,arb3_base,A,s0,0.7180,+0.03,视为持平，不晋级,runlog/M/matrix_results.csv,3e58eb1
投影头,proj_dim1024,A,s0,0.7092,-0.85,容量缩减关闭,runlog/M/matrix_results.csv,3e58eb1
投影头,proj_dim4096,A,s0,0.7105,-0.72,容量扩大关闭,runlog/M/matrix_results.csv,3e58eb1
白化,h1_white8,A,s0,0.7021,-1.56,白化族关闭,runlog/M/matrix_results.csv,3e58eb1
白化,h1_white8,A,s2,0.7074,-1.03,白化族关闭,runlog/M/matrix_results.csv,3e58eb1
白化,h1_white8,A,s4,0.7026,-1.51,白化族关闭,runlog/M/matrix_results.csv,3e58eb1
白化负对照,h1_ln_neg8,A,s0,0.6990,-1.87,负对照,runlog/M/matrix_results.csv,3e58eb1
白化负对照,h1_pos_neg8,A,s0,0.6951,-2.26,负对照,runlog/M/matrix_results.csv,3e58eb1
pooling,t3_pow3,A,s0,0.7137,-0.40,power pooling 关闭,runlog/M/matrix_results.csv,3e58eb1
pooling,t3_pow3,A,s2,0.7167,-0.10,power pooling 关闭,runlog/M/matrix_results.csv,3e58eb1
pooling,t3_pow3,A,s4,0.7150,-0.27,power pooling 关闭,runlog/M/matrix_results.csv,3e58eb1
fast 路径,b0fast,A,s0,0.7055,-1.22,不能替代标准协议,runlog/M/matrix_results.csv,3e58eb1
解剖目标,a1_d1l_fix,A,s0,0.6471,-7.06,当前 D1L 协议关闭,runlog/M/matrix_results.csv,3e58eb1
区域目标,a2_acl_intra,A,s0,0.6266,-9.11,当前 ACL intra 关闭,runlog/M/matrix_results.csv,3e58eb1
区域目标,a3_acl_inter,A,s0,0.6994,-1.83,当前 ACL full 关闭,runlog/M/matrix_results.csv,3e58eb1
患者正对,n3_prob03,B,s0,0.7061,-0.97,患者正对当前实现关闭,runlog/M/matrix_results_hostB.csv,3e58eb1
Sinc 前端,sinc_m16,B,s0,0.6887,-2.71,当前参数化前端关闭,runlog/M/matrix_results_hostB.csv,3e58eb1
患者去相关,h3_decor03,B,s0,0.5660,-14.98,强去相关破坏表征，关闭,runlog/M/matrix_results_hostB.csv,3e58eb1
MixUp,c3_align_mix02,B,s0,0.6989,-1.69,频谱对齐 MixUp 关闭,runlog/M/matrix_results_hostB.csv,3e58eb1
MixUp,c3_plain_mix02,B,s0,0.7014,-1.44,普通 MixUp 也关闭,runlog/M/matrix_results_hostB.csv,3e58eb1
HRV 辅助,h4_hrv01,B,s0,0.7132,-0.26,当前 HRV 辅助头关闭,runlog/M/matrix_results_hostB.csv,3e58eb1
W1-结构先验(D1L-fix),a1_d1lfix_05_02,B,s0,0.6400,-7.58,"判负: τ对角修正版破坏性强于旧bug, 结构化跨导目标线关闭",runlog/M/matrix_results_hostB.csv,3e58eb1
W1-重建线(CCM),b3_ccm_rec01,B,s0,0.7067,-0.91,"判负: 周期内遮挡劣于多段遮挡, 重建支路无增益(η=0.1)",runlog/M/matrix_results_hostB.csv,3e58eb1
W1-ACL随机分区,a4_rand_p101,B,s0,0.7086,-0.72,判负: ACL加性随机分区三分区符号一致微负,runlog/M/matrix_results_hostB.csv,3e58eb1
W1-重建线,b2_multiseg_rec01,B,s0,0.7141,-0.17,"噪声级(-0.0017)≈中性, 多段遮挡无增益",runlog/M/matrix_results_hostB.csv,3e58eb1
W1-结构先验(D1L-fix),a1_d1lfix_neg,B,s0,0.6469,-6.89,判负: 打乱先验(-0.0689)≈真实(-0.0758)→伤害源于机制本身非先验对错,runlog/M/matrix_results_hostB.csv,3e58eb1
W1-ACL随机分区,a4_rand_p102,B,s0,0.7109,-0.49,判负: ACL加性随机分区三分区符号一致微负,runlog/M/matrix_results_hostB.csv,3e58eb1
W1-ACL随机分区,a4_rand_p103,B,s0,0.7089,-0.69,判负: ACL加性随机分区三分区符号一致微负,runlog/M/matrix_results_hostB.csv,3e58eb1
W1-重建线(旧D7),b1_d7_arch,B,-,NA,NA,"弃跑(工程决策): 旧路径未提速~23h, 归档审计价值低; 非结果判负",runlog/HOSTS.md(W1终报),3e58eb1
E002-历史族,Attention/ECA/均值/融合变体,A(历史),mixed,NA,见族描述,无稳定超过B0; AR-B3仅作历史对照基座,失败实验归档-2026-09-22.md§四,3e58eb1
E003-历史族,Mixer/JEPA/自动复合,A(历史),mixed,NA,见族描述,"Mixer明显退化, JEPA部分缓解, 自动复合验证过拟合; 堆模块路线关闭",失败实验归档-2026-09-22.md§四,3e58eb1
E005-历史族,跨导联掩码蒸馏,A(历史),mixed,NA,见族描述,"clean -2.3pt, 双导缺失-0.9pt, 同时损伤通用与鲁棒, 关闭",失败实验归档-2026-09-22.md§四,3e58eb1
E006-历史族,生理-空间先验P1/S1,A(历史),mixed,NA,见族描述,"AR-B3上+0.40pt弱正, B0无增益, 未过粗筛门槛; 保留为边界分析",失败实验归档-2026-09-22.md§四,3e58eb1
E007-历史族,LGA(×TRC),A(历史),mixed,NA,见族描述,"LGA单开FT100 -0.89pt且FT10负; LGA关闭, TRC单独进入确认(W2已确认)",失败实验归档-2026-09-22.md§四,3e58eb1
N1-历史族,多库混合预训练,A(历史),mixed,NA,见族描述,"五库混合 -3.07pt, 域冲突>数据量收益; 无域适配不再混库",失败实验归档-2026-09-22.md§四,3e58eb1
D9-历史族,VICReg/白化目标重写,A(历史),mixed,NA,见族描述,"多形态均负(-1.3~-10.7pt), 不再替换Barlow Twins目标",失败实验归档-2026-09-22.md§四,3e58eb1
