ts,ckpt,seed,eval,downstream,fraction,auroc,auprc,git_sha,checkpoint_sha256,protocol_id,method_family,hparams_ref
2026-10-03 14:47,b0,0,ft20,ptbxl,0.2,0.8995,0.6698,f50897d,026033d532d4e42a1b53ca9c4d2e95f9c09b2daaaab5c9041c9d474a1356cdad,w6-ft2040,bt_ssl(baseline),"W6 Stage1: W2 FT10 冻结协议仅改标注比例, 见 runlog/W6/run_ft2040_lane.py"
2026-10-03 15:22,b0,2,ft20,ptbxl,0.2,0.8915,0.6634,1bec73a,f39059a4430c2e7aa8963ca3c75b608120452f517622862fb3a73a7dc95d26a4,w6-ft2040,bt_ssl(baseline),"W6 Stage1: W2 FT10 冻结协议仅改标注比例, 见 runlog/W6/run_ft2040_lane.py"
2026-10-03 15:56,b0,4,ft20,ptbxl,0.2,0.8891,0.6641,1bec73a,ba4f2d3c99aff6b5889dae4ebdd1103b8949e2d1f8fcadd28d0a5df8b91c0daa,w6-ft2040,bt_ssl(baseline),"W6 Stage1: W2 FT10 冻结协议仅改标注比例, 见 runlog/W6/run_ft2040_lane.py"
2026-10-03 16:29,c1,0,ft20,ptbxl,0.2,0.8756,0.6518,4b5aab8,de0c28eedb30841492c36644ad1d06e11aab7bb02bbb5b42ff5d18524a5bc177,w6-ft2040,bt_ssl,"W6 Stage1: W2 FT10 冻结协议仅改标注比例, 见 runlog/W6/run_ft2040_lane.py"
2026-10-03 17:02,c1,2,ft20,ptbxl,0.2,0.8780,0.6524,4b5aab8,26ebf0e26e5abee04f4064182d79e449e3c849693979162577171717cb2b7787,w6-ft2040,bt_ssl,"W6 Stage1: W2 FT10 冻结协议仅改标注比例, 见 runlog/W6/run_ft2040_lane.py"
2026-10-03 17:36,c1,4,ft20,ptbxl,0.2,0.8771,0.6459,4b5aab8,e599dbcdb69372186c3b49b0d0ced3389e2c909a458d86a8413a58524e31715e,w6-ft2040,bt_ssl,"W6 Stage1: W2 FT10 冻结协议仅改标注比例, 见 runlog/W6/run_ft2040_lane.py"
2026-10-03 18:10,b0,0,ft40,ptbxl,0.4,0.9084,0.6908,ba35d45,026033d532d4e42a1b53ca9c4d2e95f9c09b2daaaab5c9041c9d474a1356cdad,w6-ft2040,bt_ssl(baseline),"W6 Stage1: W2 FT10 冻结协议仅改标注比例, 见 runlog/W6/run_ft2040_lane.py"
2026-10-03 18:44,b0,2,ft40,ptbxl,0.4,0.8998,0.6854,ba35d45,f39059a4430c2e7aa8963ca3c75b608120452f517622862fb3a73a7dc95d26a4,w6-ft2040,bt_ssl(baseline),"W6 Stage1: W2 FT10 冻结协议仅改标注比例, 见 runlog/W6/run_ft2040_lane.py"
2026-10-03 19:19,b0,4,ft40,ptbxl,0.4,0.8978,0.6770,ba35d45,ba4f2d3c99aff6b5889dae4ebdd1103b8949e2d1f8fcadd28d0a5df8b91c0daa,w6-ft2040,bt_ssl(baseline),"W6 Stage1: W2 FT10 冻结协议仅改标注比例, 见 runlog/W6/run_ft2040_lane.py"
2026-10-03 19:53,c1,0,ft40,ptbxl,0.4,0.8842,0.6659,ea259c4,de0c28eedb30841492c36644ad1d06e11aab7bb02bbb5b42ff5d18524a5bc177,w6-ft2040,bt_ssl,"W6 Stage1: W2 FT10 冻结协议仅改标注比例, 见 runlog/W6/run_ft2040_lane.py"
2026-10-03 20:28,c1,2,ft40,ptbxl,0.4,0.8888,0.6771,ea259c4,26ebf0e26e5abee04f4064182d79e449e3c849693979162577171717cb2b7787,w6-ft2040,bt_ssl,"W6 Stage1: W2 FT10 冻结协议仅改标注比例, 见 runlog/W6/run_ft2040_lane.py"
2026-10-03 21:02,c1,4,ft40,ptbxl,0.4,0.8846,0.6635,ea259c4,e599dbcdb69372186c3b49b0d0ced3389e2c909a458d86a8413a58524e31715e,w6-ft2040,bt_ssl,"W6 Stage1: W2 FT10 冻结协议仅改标注比例, 见 runlog/W6/run_ft2040_lane.py"
2026-10-03 14:58,c2,0,ft20,ptbxl,0.2,0.8795,0.6539,f50897d,af242a89c340969fd57e70349e4b88e4bf6725c5586f5c12d62a96a199ed9524,w6-ft2040,bt_ssl,"W6 Stage1: W2 FT10 冻结协议仅改标注比例, 见 runlog/W6/run_ft2040_lane.py"
2026-10-03 15:33,c2,2,ft20,ptbxl,0.2,0.8832,0.6562,1bec73a,d3f8979f70cdce3da7eefa320f72d98ba5a975a5ea4141605fbf52ce34de5666,w6-ft2040,bt_ssl,"W6 Stage1: W2 FT10 冻结协议仅改标注比例, 见 runlog/W6/run_ft2040_lane.py"
2026-10-03 16:07,c2,4,ft20,ptbxl,0.2,0.8762,0.6488,1bec73a,5979f230172000c51b9de93fc6d96d675c844841610f0b71cbb0c8e0147c982d,w6-ft2040,bt_ssl,"W6 Stage1: W2 FT10 冻结协议仅改标注比例, 见 runlog/W6/run_ft2040_lane.py"
2026-10-03 16:41,c2,0,ft40,ptbxl,0.4,0.8856,0.6736,4b5aab8,af242a89c340969fd57e70349e4b88e4bf6725c5586f5c12d62a96a199ed9524,w6-ft2040,bt_ssl,"W6 Stage1: W2 FT10 冻结协议仅改标注比例, 见 runlog/W6/run_ft2040_lane.py"
2026-10-03 17:16,c2,2,ft40,ptbxl,0.4,0.8892,0.6697,4b5aab8,d3f8979f70cdce3da7eefa320f72d98ba5a975a5ea4141605fbf52ce34de5666,w6-ft2040,bt_ssl,"W6 Stage1: W2 FT10 冻结协议仅改标注比例, 见 runlog/W6/run_ft2040_lane.py"
2026-10-03 17:50,c2,4,ft40,ptbxl,0.4,0.8828,0.6650,4b5aab8,5979f230172000c51b9de93fc6d96d675c844841610f0b71cbb0c8e0147c982d,w6-ft2040,bt_ssl,"W6 Stage1: W2 FT10 冻结协议仅改标注比例, 见 runlog/W6/run_ft2040_lane.py"
2026-10-03 18:23,simclr,0,ft20,ptbxl,0.2,0.8711,0.6329,ba35d45,cc28ed3a955490014cb582c9fb75193140b9ca5d083e3f783963b76c80d2f103,w6-ft2040,contrastive_ssl,"W6 Stage1: W2 FT10 冻结协议仅改标注比例, 见 runlog/W6/run_ft2040_lane.py"
2026-10-03 18:57,simclr,2,ft20,ptbxl,0.2,0.8818,0.6381,ba35d45,e4b431ba5c601bd52de3ad0e9b70d003d6840b5b8ce81409b50cae2b44d8b677,w6-ft2040,contrastive_ssl,"W6 Stage1: W2 FT10 冻结协议仅改标注比例, 见 runlog/W6/run_ft2040_lane.py"
2026-10-03 19:30,simclr,4,ft20,ptbxl,0.2,0.8714,0.6324,ea259c4,5958c81aeef97f9a35144740bec47216f5b3cd8e023737f19dbdca85c328fc30,w6-ft2040,contrastive_ssl,"W6 Stage1: W2 FT10 冻结协议仅改标注比例, 见 runlog/W6/run_ft2040_lane.py"
2026-10-03 20:03,clocs,0,ft20,ptbxl,0.2,0.8748,0.6513,ea259c4,c1f139d98059812aeee6453c5c7ec9cb2e99d57f338178833cd6e0cd159574d5,w6-ft2040,contrastive_ssl,"W6 Stage1: W2 FT10 冻结协议仅改标注比例, 见 runlog/W6/run_ft2040_lane.py"
2026-10-03 20:36,clocs,2,ft20,ptbxl,0.2,0.8766,0.6444,ea259c4,69bc974a433ae50222178a4d084e07ed175254a3100034c7ad06451d2c4f11c1,w6-ft2040,contrastive_ssl,"W6 Stage1: W2 FT10 冻结协议仅改标注比例, 见 runlog/W6/run_ft2040_lane.py"
2026-10-03 21:09,clocs,4,ft20,ptbxl,0.2,0.8756,0.6524,ea259c4,914ed37ad35e05d70cfb00c217f5f622dfd6eef0441507ba02a5da968f13e995,w6-ft2040,contrastive_ssl,"W6 Stage1: W2 FT10 冻结协议仅改标注比例, 见 runlog/W6/run_ft2040_lane.py"
