ts,ckpt,seed,macro_auroc,macro_auprc,macro_f1,macro_sens,macro_spec,protocol_id,git_sha,checkpoint_sha256,note
2026-10-06 20:40,b0,0,0.8583,0.5019,0.5106,0.5920,0.9152,w6-multilabel,9500e82,026033d532d4,one-hot真值(原始多标签未留存)
2026-10-06 20:40,b0,2,0.8574,0.5077,0.5014,0.5802,0.9212,w6-multilabel,9500e82,f39059a4430c,one-hot真值(原始多标签未留存)
2026-10-06 20:40,b0,4,0.8600,0.5063,0.5092,0.5408,0.9409,w6-multilabel,9500e82,ba4f2d3c99af,one-hot真值(原始多标签未留存)
2026-10-06 20:40,c1,0,0.8343,0.4885,0.4936,0.6008,0.8727,w6-multilabel,9500e82,de0c28eedb30,one-hot真值(原始多标签未留存)
2026-10-06 20:40,c1,2,0.8341,0.4743,0.4817,0.6015,0.8899,w6-multilabel,9500e82,26ebf0e26e5a,one-hot真值(原始多标签未留存)
2026-10-06 20:40,c1,4,0.8281,0.4866,0.4899,0.5971,0.8871,w6-multilabel,9500e82,e599dbcdb693,one-hot真值(原始多标签未留存)
2026-10-06 20:40,c2,0,0.8540,0.5262,0.5294,0.6122,0.9141,w6-multilabel,9500e82,af242a89c340,one-hot真值(原始多标签未留存)
2026-10-06 20:40,c2,2,0.8609,0.5308,0.5250,0.5911,0.9227,w6-multilabel,9500e82,d3f8979f70cd,one-hot真值(原始多标签未留存)
2026-10-06 20:40,c2,4,0.8530,0.5194,0.5111,0.5718,0.9207,w6-multilabel,9500e82,5979f2301720,one-hot真值(原始多标签未留存)
