ts,dataset,eval,seed,perturbation,intensity,auroc,auprc,clean_auroc,clean_auprc,delta_auroc_pt,delta_auprc_pt,n_test,git_sha,checkpoint_sha256,data_sha,noise_source
10-06 15:26,ptbxl,lp,0,nstb_bw,0,0.8518,0.6012,0.8860,0.6563,-3.42,-5.51,1739,64a67ff,af242a89c340,7d9a524cc38e,NSTDB-bw
10-06 15:26,ptbxl,lp,2,nstb_bw,0,0.8420,0.5701,0.8845,0.6518,-4.26,-8.16,1739,64a67ff,d3f8979f70cd,7d9a524cc38e,NSTDB-bw
10-06 15:26,ptbxl,lp,4,nstb_bw,0,0.8383,0.5806,0.8876,0.6579,-4.93,-7.73,1739,64a67ff,5979f2301720,7d9a524cc38e,NSTDB-bw
10-06 15:26,ptbxl,lp,0,nstb_bw,5,0.8503,0.5977,0.8860,0.6563,-3.57,-5.87,1739,64a67ff,af242a89c340,7d9a524cc38e,NSTDB-bw
10-06 15:26,ptbxl,lp,2,nstb_bw,5,0.8460,0.5822,0.8845,0.6518,-3.85,-6.96,1739,64a67ff,d3f8979f70cd,7d9a524cc38e,NSTDB-bw
10-06 15:26,ptbxl,lp,4,nstb_bw,5,0.8518,0.5851,0.8876,0.6579,-3.58,-7.28,1739,64a67ff,5979f2301720,7d9a524cc38e,NSTDB-bw
10-06 15:26,ptbxl,lp,0,nstb_bw,10,0.8609,0.6246,0.8860,0.6563,-2.51,-3.17,1739,64a67ff,af242a89c340,7d9a524cc38e,NSTDB-bw
10-06 15:26,ptbxl,lp,2,nstb_bw,10,0.8515,0.6078,0.8845,0.6518,-3.31,-4.40,1739,64a67ff,d3f8979f70cd,7d9a524cc38e,NSTDB-bw
10-06 15:26,ptbxl,lp,4,nstb_bw,10,0.8571,0.6060,0.8876,0.6579,-3.05,-5.19,1739,64a67ff,5979f2301720,7d9a524cc38e,NSTDB-bw
10-06 15:26,ptbxl,lp,0,nstb_bw,20,0.8805,0.6521,0.8860,0.6563,-0.54,-0.42,1739,64a67ff,af242a89c340,7d9a524cc38e,NSTDB-bw
10-06 15:26,ptbxl,lp,2,nstb_bw,20,0.8783,0.6404,0.8845,0.6518,-0.62,-1.14,1739,64a67ff,d3f8979f70cd,7d9a524cc38e,NSTDB-bw
10-06 15:26,ptbxl,lp,4,nstb_bw,20,0.8794,0.6415,0.8876,0.6579,-0.82,-1.63,1739,64a67ff,5979f2301720,7d9a524cc38e,NSTDB-bw
10-06 15:26,ptbxl,lp,0,nstb_ma,0,0.7969,0.5115,0.8860,0.6563,-8.91,-14.48,1739,64a67ff,af242a89c340,7d9a524cc38e,NSTDB-ma
10-06 15:26,ptbxl,lp,2,nstb_ma,0,0.8121,0.5178,0.8845,0.6518,-7.24,-13.39,1739,64a67ff,d3f8979f70cd,7d9a524cc38e,NSTDB-ma
10-06 15:26,ptbxl,lp,4,nstb_ma,0,0.7770,0.4829,0.8876,0.6579,-11.06,-17.50,1739,64a67ff,5979f2301720,7d9a524cc38e,NSTDB-ma
10-06 15:26,ptbxl,lp,0,nstb_ma,5,0.8316,0.5673,0.8860,0.6563,-5.43,-8.90,1739,64a67ff,af242a89c340,7d9a524cc38e,NSTDB-ma
10-06 15:26,ptbxl,lp,2,nstb_ma,5,0.8367,0.5537,0.8845,0.6518,-4.78,-9.81,1739,64a67ff,d3f8979f70cd,7d9a524cc38e,NSTDB-ma
10-06 15:26,ptbxl,lp,4,nstb_ma,5,0.8202,0.5456,0.8876,0.6579,-6.74,-11.23,1739,64a67ff,5979f2301720,7d9a524cc38e,NSTDB-ma
10-06 15:26,ptbxl,lp,0,nstb_ma,10,0.8518,0.5975,0.8860,0.6563,-3.42,-5.89,1739,64a67ff,af242a89c340,7d9a524cc38e,NSTDB-ma
10-06 15:26,ptbxl,lp,2,nstb_ma,10,0.8517,0.5790,0.8845,0.6518,-3.28,-7.27,1739,64a67ff,d3f8979f70cd,7d9a524cc38e,NSTDB-ma
10-06 15:26,ptbxl,lp,4,nstb_ma,10,0.8473,0.5787,0.8876,0.6579,-4.03,-7.92,1739,64a67ff,5979f2301720,7d9a524cc38e,NSTDB-ma
10-06 15:26,ptbxl,lp,0,nstb_ma,20,0.8646,0.6316,0.8860,0.6563,-2.14,-2.48,1739,64a67ff,af242a89c340,7d9a524cc38e,NSTDB-ma
10-06 15:26,ptbxl,lp,2,nstb_ma,20,0.8634,0.6152,0.8845,0.6518,-2.11,-3.65,1739,64a67ff,d3f8979f70cd,7d9a524cc38e,NSTDB-ma
10-06 15:26,ptbxl,lp,4,nstb_ma,20,0.8610,0.6130,0.8876,0.6579,-2.66,-4.49,1739,64a67ff,5979f2301720,7d9a524cc38e,NSTDB-ma
10-06 15:26,ptbxl,lp,0,nstb_em,0,0.8044,0.5028,0.8860,0.6563,-8.16,-15.36,1739,64a67ff,af242a89c340,7d9a524cc38e,NSTDB-em
10-06 15:26,ptbxl,lp,2,nstb_em,0,0.8047,0.4915,0.8845,0.6518,-7.98,-16.03,1739,64a67ff,d3f8979f70cd,7d9a524cc38e,NSTDB-em
10-06 15:26,ptbxl,lp,4,nstb_em,0,0.7969,0.4913,0.8876,0.6579,-9.07,-16.66,1739,64a67ff,5979f2301720,7d9a524cc38e,NSTDB-em
10-06 15:26,ptbxl,lp,0,nstb_em,5,0.8392,0.5815,0.8860,0.6563,-4.68,-7.49,1739,64a67ff,af242a89c340,7d9a524cc38e,NSTDB-em
10-06 15:26,ptbxl,lp,2,nstb_em,5,0.8337,0.5541,0.8845,0.6518,-5.08,-9.77,1739,64a67ff,d3f8979f70cd,7d9a524cc38e,NSTDB-em
10-06 15:26,ptbxl,lp,4,nstb_em,5,0.8415,0.5737,0.8876,0.6579,-4.61,-8.42,1739,64a67ff,5979f2301720,7d9a524cc38e,NSTDB-em
10-06 15:26,ptbxl,lp,0,nstb_em,10,0.8613,0.6120,0.8860,0.6563,-2.47,-4.43,1739,64a67ff,af242a89c340,7d9a524cc38e,NSTDB-em
10-06 15:26,ptbxl,lp,2,nstb_em,10,0.8563,0.5929,0.8845,0.6518,-2.83,-5.89,1739,64a67ff,d3f8979f70cd,7d9a524cc38e,NSTDB-em
10-06 15:26,ptbxl,lp,4,nstb_em,10,0.8611,0.6059,0.8876,0.6579,-2.65,-5.20,1739,64a67ff,5979f2301720,7d9a524cc38e,NSTDB-em
10-06 15:26,ptbxl,lp,0,nstb_em,20,0.8815,0.6552,0.8860,0.6563,-0.45,-0.12,1739,64a67ff,af242a89c340,7d9a524cc38e,NSTDB-em
10-06 15:26,ptbxl,lp,2,nstb_em,20,0.8801,0.6435,0.8845,0.6518,-0.44,-0.82,1739,64a67ff,d3f8979f70cd,7d9a524cc38e,NSTDB-em
10-06 15:26,ptbxl,lp,4,nstb_em,20,0.8826,0.6458,0.8876,0.6579,-0.50,-1.21,1739,64a67ff,5979f2301720,7d9a524cc38e,NSTDB-em
10-06 15:26,cpsc,lp,0,nstb_bw,0,0.9380,0.7296,0.9455,0.7659,-0.75,-3.63,1385,64a67ff,af242a89c340,cb87fb4ec1e1,NSTDB-bw
10-06 15:26,cpsc,lp,2,nstb_bw,0,0.9348,0.7122,0.9468,0.7642,-1.20,-5.20,1385,64a67ff,d3f8979f70cd,cb87fb4ec1e1,NSTDB-bw
10-06 15:26,cpsc,lp,4,nstb_bw,0,0.9394,0.7207,0.9498,0.7748,-1.04,-5.40,1385,64a67ff,5979f2301720,cb87fb4ec1e1,NSTDB-bw
10-06 15:26,cpsc,lp,0,nstb_bw,5,0.9429,0.7433,0.9455,0.7659,-0.26,-2.26,1385,64a67ff,af242a89c340,cb87fb4ec1e1,NSTDB-bw
10-06 15:26,cpsc,lp,2,nstb_bw,5,0.9399,0.7299,0.9468,0.7642,-0.69,-3.42,1385,64a67ff,d3f8979f70cd,cb87fb4ec1e1,NSTDB-bw
10-06 15:26,cpsc,lp,4,nstb_bw,5,0.9444,0.7362,0.9498,0.7748,-0.54,-3.85,1385,64a67ff,5979f2301720,cb87fb4ec1e1,NSTDB-bw
10-06 15:26,cpsc,lp,0,nstb_bw,10,0.9452,0.7537,0.9455,0.7659,-0.04,-1.22,1385,64a67ff,af242a89c340,cb87fb4ec1e1,NSTDB-bw
10-06 15:26,cpsc,lp,2,nstb_bw,10,0.9447,0.7488,0.9468,0.7642,-0.21,-1.54,1385,64a67ff,d3f8979f70cd,cb87fb4ec1e1,NSTDB-bw
10-06 15:26,cpsc,lp,4,nstb_bw,10,0.9480,0.7540,0.9498,0.7748,-0.17,-2.07,1385,64a67ff,5979f2301720,cb87fb4ec1e1,NSTDB-bw
10-06 15:26,cpsc,lp,0,nstb_bw,20,0.9461,0.7682,0.9455,0.7659,+0.05,+0.23,1385,64a67ff,af242a89c340,cb87fb4ec1e1,NSTDB-bw
10-06 15:26,cpsc,lp,2,nstb_bw,20,0.9476,0.7673,0.9468,0.7642,+0.08,+0.31,1385,64a67ff,d3f8979f70cd,cb87fb4ec1e1,NSTDB-bw
10-06 15:26,cpsc,lp,4,nstb_bw,20,0.9506,0.7770,0.9498,0.7748,+0.08,+0.23,1385,64a67ff,5979f2301720,cb87fb4ec1e1,NSTDB-bw
10-06 15:26,cpsc,lp,0,nstb_ma,0,0.9011,0.6276,0.9455,0.7659,-4.44,-13.83,1385,64a67ff,af242a89c340,cb87fb4ec1e1,NSTDB-ma
10-06 15:26,cpsc,lp,2,nstb_ma,0,0.9005,0.6252,0.9468,0.7642,-4.63,-13.90,1385,64a67ff,d3f8979f70cd,cb87fb4ec1e1,NSTDB-ma
10-06 15:26,cpsc,lp,4,nstb_ma,0,0.8991,0.6054,0.9498,0.7748,-5.06,-16.93,1385,64a67ff,5979f2301720,cb87fb4ec1e1,NSTDB-ma
10-06 15:26,cpsc,lp,0,nstb_ma,5,0.9209,0.6860,0.9455,0.7659,-2.46,-7.99,1385,64a67ff,af242a89c340,cb87fb4ec1e1,NSTDB-ma
10-06 15:26,cpsc,lp,2,nstb_ma,5,0.9237,0.6853,0.9468,0.7642,-2.31,-7.89,1385,64a67ff,d3f8979f70cd,cb87fb4ec1e1,NSTDB-ma
10-06 15:26,cpsc,lp,4,nstb_ma,5,0.9248,0.6815,0.9498,0.7748,-2.50,-9.33,1385,64a67ff,5979f2301720,cb87fb4ec1e1,NSTDB-ma
10-06 15:26,cpsc,lp,0,nstb_ma,10,0.9361,0.7351,0.9455,0.7659,-0.94,-3.08,1385,64a67ff,af242a89c340,cb87fb4ec1e1,NSTDB-ma
10-06 15:26,cpsc,lp,2,nstb_ma,10,0.9376,0.7296,0.9468,0.7642,-0.92,-3.46,1385,64a67ff,d3f8979f70cd,cb87fb4ec1e1,NSTDB-ma
10-06 15:26,cpsc,lp,4,nstb_ma,10,0.9399,0.7386,0.9498,0.7748,-0.98,-3.62,1385,64a67ff,5979f2301720,cb87fb4ec1e1,NSTDB-ma
10-06 15:26,cpsc,lp,0,nstb_ma,20,0.9452,0.7634,0.9455,0.7659,-0.03,-0.24,1385,64a67ff,af242a89c340,cb87fb4ec1e1,NSTDB-ma
10-06 15:26,cpsc,lp,2,nstb_ma,20,0.9458,0.7587,0.9468,0.7642,-0.10,-0.55,1385,64a67ff,d3f8979f70cd,cb87fb4ec1e1,NSTDB-ma
10-06 15:26,cpsc,lp,4,nstb_ma,20,0.9488,0.7673,0.9498,0.7748,-0.10,-0.75,1385,64a67ff,5979f2301720,cb87fb4ec1e1,NSTDB-ma
10-06 15:26,cpsc,lp,0,nstb_em,0,0.8817,0.5650,0.9455,0.7659,-6.38,-20.09,1385,64a67ff,af242a89c340,cb87fb4ec1e1,NSTDB-em
10-06 15:26,cpsc,lp,2,nstb_em,0,0.8762,0.5495,0.9468,0.7642,-7.06,-21.46,1385,64a67ff,d3f8979f70cd,cb87fb4ec1e1,NSTDB-em
10-06 15:26,cpsc,lp,4,nstb_em,0,0.8834,0.5576,0.9498,0.7748,-6.64,-21.72,1385,64a67ff,5979f2301720,cb87fb4ec1e1,NSTDB-em
10-06 15:26,cpsc,lp,0,nstb_em,5,0.9154,0.6596,0.9455,0.7659,-3.01,-10.62,1385,64a67ff,af242a89c340,cb87fb4ec1e1,NSTDB-em
10-06 15:26,cpsc,lp,2,nstb_em,5,0.9134,0.6492,0.9468,0.7642,-3.34,-11.50,1385,64a67ff,d3f8979f70cd,cb87fb4ec1e1,NSTDB-em
10-06 15:26,cpsc,lp,4,nstb_em,5,0.9169,0.6556,0.9498,0.7748,-3.29,-11.91,1385,64a67ff,5979f2301720,cb87fb4ec1e1,NSTDB-em
10-06 15:26,cpsc,lp,0,nstb_em,10,0.9354,0.7227,0.9455,0.7659,-1.01,-4.32,1385,64a67ff,af242a89c340,cb87fb4ec1e1,NSTDB-em
10-06 15:26,cpsc,lp,2,nstb_em,10,0.9324,0.7105,0.9468,0.7642,-1.44,-5.37,1385,64a67ff,d3f8979f70cd,cb87fb4ec1e1,NSTDB-em
10-06 15:26,cpsc,lp,4,nstb_em,10,0.9369,0.7188,0.9498,0.7748,-1.29,-5.59,1385,64a67ff,5979f2301720,cb87fb4ec1e1,NSTDB-em
10-06 15:26,cpsc,lp,0,nstb_em,20,0.9457,0.7695,0.9455,0.7659,+0.01,+0.36,1385,64a67ff,af242a89c340,cb87fb4ec1e1,NSTDB-em
10-06 15:26,cpsc,lp,2,nstb_em,20,0.9464,0.7641,0.9468,0.7642,-0.03,-0.01,1385,64a67ff,d3f8979f70cd,cb87fb4ec1e1,NSTDB-em
10-06 15:26,cpsc,lp,4,nstb_em,20,0.9499,0.7739,0.9498,0.7748,+0.02,-0.08,1385,64a67ff,5979f2301720,cb87fb4ec1e1,NSTDB-em
10-06 15:26,chapman,lp,0,nstb_bw,0,0.9943,0.9825,0.9966,0.9889,-0.23,-0.64,2047,64a67ff,af242a89c340,386684cefd7b,NSTDB-bw
10-06 15:26,chapman,lp,2,nstb_bw,0,0.9940,0.9817,0.9965,0.9888,-0.24,-0.71,2047,64a67ff,d3f8979f70cd,386684cefd7b,NSTDB-bw
10-06 15:26,chapman,lp,4,nstb_bw,0,0.9939,0.9820,0.9960,0.9881,-0.21,-0.61,2047,64a67ff,5979f2301720,386684cefd7b,NSTDB-bw
10-06 15:27,chapman,lp,0,nstb_bw,5,0.9955,0.9857,0.9966,0.9889,-0.10,-0.31,2047,64a67ff,af242a89c340,386684cefd7b,NSTDB-bw
10-06 15:27,chapman,lp,2,nstb_bw,5,0.9954,0.9855,0.9965,0.9888,-0.11,-0.32,2047,64a67ff,d3f8979f70cd,386684cefd7b,NSTDB-bw
10-06 15:27,chapman,lp,4,nstb_bw,5,0.9953,0.9858,0.9960,0.9881,-0.08,-0.23,2047,64a67ff,5979f2301720,386684cefd7b,NSTDB-bw
10-06 15:27,chapman,lp,0,nstb_bw,10,0.9963,0.9881,0.9966,0.9889,-0.03,-0.07,2047,64a67ff,af242a89c340,386684cefd7b,NSTDB-bw
10-06 15:27,chapman,lp,2,nstb_bw,10,0.9961,0.9880,0.9965,0.9888,-0.03,-0.08,2047,64a67ff,d3f8979f70cd,386684cefd7b,NSTDB-bw
10-06 15:27,chapman,lp,4,nstb_bw,10,0.9957,0.9873,0.9960,0.9881,-0.03,-0.08,2047,64a67ff,5979f2301720,386684cefd7b,NSTDB-bw
10-06 15:27,chapman,lp,0,nstb_bw,20,0.9965,0.9886,0.9966,0.9889,-0.01,-0.03,2047,64a67ff,af242a89c340,386684cefd7b,NSTDB-bw
10-06 15:27,chapman,lp,2,nstb_bw,20,0.9964,0.9887,0.9965,0.9888,-0.00,-0.01,2047,64a67ff,d3f8979f70cd,386684cefd7b,NSTDB-bw
10-06 15:27,chapman,lp,4,nstb_bw,20,0.9959,0.9879,0.9960,0.9881,-0.01,-0.02,2047,64a67ff,5979f2301720,386684cefd7b,NSTDB-bw
10-06 15:27,chapman,lp,0,nstb_ma,0,0.9497,0.8715,0.9966,0.9889,-4.68,-11.74,2047,64a67ff,af242a89c340,386684cefd7b,NSTDB-ma
10-06 15:27,chapman,lp,2,nstb_ma,0,0.9503,0.8722,0.9965,0.9888,-4.61,-11.66,2047,64a67ff,d3f8979f70cd,386684cefd7b,NSTDB-ma
10-06 15:27,chapman,lp,4,nstb_ma,0,0.9518,0.8755,0.9960,0.9881,-4.43,-11.26,2047,64a67ff,5979f2301720,386684cefd7b,NSTDB-ma
10-06 15:27,chapman,lp,0,nstb_ma,5,0.9727,0.9247,0.9966,0.9889,-2.38,-6.42,2047,64a67ff,af242a89c340,386684cefd7b,NSTDB-ma
10-06 15:27,chapman,lp,2,nstb_ma,5,0.9777,0.9369,0.9965,0.9888,-1.87,-5.18,2047,64a67ff,d3f8979f70cd,386684cefd7b,NSTDB-ma
10-06 15:27,chapman,lp,4,nstb_ma,5,0.9778,0.9374,0.9960,0.9881,-1.82,-5.07,2047,64a67ff,5979f2301720,386684cefd7b,NSTDB-ma
10-06 15:27,chapman,lp,0,nstb_ma,10,0.9865,0.9604,0.9966,0.9889,-1.01,-2.84,2047,64a67ff,af242a89c340,386684cefd7b,NSTDB-ma
10-06 15:27,chapman,lp,2,nstb_ma,10,0.9892,0.9672,0.9965,0.9888,-0.73,-2.16,2047,64a67ff,d3f8979f70cd,386684cefd7b,NSTDB-ma
10-06 15:27,chapman,lp,4,nstb_ma,10,0.9884,0.9663,0.9960,0.9881,-0.76,-2.18,2047,64a67ff,5979f2301720,386684cefd7b,NSTDB-ma
10-06 15:27,chapman,lp,0,nstb_ma,20,0.9948,0.9837,0.9966,0.9889,-0.18,-0.52,2047,64a67ff,af242a89c340,386684cefd7b,NSTDB-ma
10-06 15:27,chapman,lp,2,nstb_ma,20,0.9951,0.9848,0.9965,0.9888,-0.13,-0.39,2047,64a67ff,d3f8979f70cd,386684cefd7b,NSTDB-ma
10-06 15:27,chapman,lp,4,nstb_ma,20,0.9943,0.9825,0.9960,0.9881,-0.17,-0.56,2047,64a67ff,5979f2301720,386684cefd7b,NSTDB-ma
10-06 15:27,chapman,lp,0,nstb_em,0,0.9270,0.8226,0.9966,0.9889,-6.96,-16.62,2047,64a67ff,af242a89c340,386684cefd7b,NSTDB-em
10-06 15:27,chapman,lp,2,nstb_em,0,0.9204,0.8117,0.9965,0.9888,-7.61,-17.70,2047,64a67ff,d3f8979f70cd,386684cefd7b,NSTDB-em
10-06 15:27,chapman,lp,4,nstb_em,0,0.9303,0.8362,0.9960,0.9881,-6.58,-15.19,2047,64a67ff,5979f2301720,386684cefd7b,NSTDB-em
10-06 15:27,chapman,lp,0,nstb_em,5,0.9773,0.9406,0.9966,0.9889,-1.92,-4.83,2047,64a67ff,af242a89c340,386684cefd7b,NSTDB-em
10-06 15:27,chapman,lp,2,nstb_em,5,0.9780,0.9418,0.9965,0.9888,-1.85,-4.70,2047,64a67ff,d3f8979f70cd,386684cefd7b,NSTDB-em
10-06 15:27,chapman,lp,4,nstb_em,5,0.9794,0.9473,0.9960,0.9881,-1.66,-4.08,2047,64a67ff,5979f2301720,386684cefd7b,NSTDB-em
10-06 15:27,chapman,lp,0,nstb_em,10,0.9920,0.9767,0.9966,0.9889,-0.45,-1.21,2047,64a67ff,af242a89c340,386684cefd7b,NSTDB-em
10-06 15:27,chapman,lp,2,nstb_em,10,0.9923,0.9776,0.9965,0.9888,-0.41,-1.12,2047,64a67ff,d3f8979f70cd,386684cefd7b,NSTDB-em
10-06 15:27,chapman,lp,4,nstb_em,10,0.9918,0.9768,0.9960,0.9881,-0.42,-1.13,2047,64a67ff,5979f2301720,386684cefd7b,NSTDB-em
10-06 15:27,chapman,lp,0,nstb_em,20,0.9964,0.9887,0.9966,0.9889,-0.01,-0.01,2047,64a67ff,af242a89c340,386684cefd7b,NSTDB-em
10-06 15:27,chapman,lp,2,nstb_em,20,0.9962,0.9881,0.9965,0.9888,-0.03,-0.07,2047,64a67ff,d3f8979f70cd,386684cefd7b,NSTDB-em
10-06 15:27,chapman,lp,4,nstb_em,20,0.9958,0.9877,0.9960,0.9881,-0.02,-0.04,2047,64a67ff,5979f2301720,386684cefd7b,NSTDB-em
