method,eval,downstream,n_seeds,mean,sd,per_seed
b0,lp,cpsc,5,0.9506,0.0005,0.9506/0.9510/0.9501/0.9501/0.9512
c1,ft10,ptbxl,5,0.8560,0.0049,0.8604/0.8601/0.8484/0.8569/0.8544
c1,lp,chapman,5,0.9963,0.0003,0.9964/0.9958/0.9964/0.9963/0.9965
c1,lp,cpsc,5,0.9462,0.0012,0.9455/0.9453/0.9453/0.9466/0.9481
c1,lp,ptbxl,5,0.8861,0.0043,0.8907/0.8877/0.8795/0.8882/0.8842
c2,ft10,ptbxl,5,0.8617,0.0063,0.8627/0.8717/0.8611/0.8578/0.8554
c2,lp,chapman,5,0.9963,0.0002,0.9966/0.9965/0.9964/0.9962/0.9960
c2,lp,cpsc,5,0.9473,0.0030,0.9455/0.9434/0.9468/0.9508/0.9498
c2,lp,ptbxl,5,0.8863,0.0019,0.8860/0.8845/0.8845/0.8887/0.8876
